Datetime (UTC),Country,Zone name,Zone id,Carbon intensity gCO₂eq/kWh (direct),Carbon intensity gCO₂eq/kWh (Life cycle),Carbon-free energy percentage (CFE%),Renewable energy percentage (RE%),Data source,Citation
2024-01-01 00:00:00,South Korea,South Korea,KR,360.97,422.73,36.39,3.44,new.kpx.or.kr; Electricity Maps Estimation,"Electricity Maps (2025). South Korea 2024 Yearly Carbon Intensity Data (Version January 27, 2025). Electricity Maps. https://www.electricitymaps.com"
2024-01-01 00:00:00,Canada,Québec,CA-QC,5.48,35.04,98.65,96.4,Electricity Maps Estimation; hydroquebec.com,"Electricity Maps (2025). Canada 2024 Yearly Carbon Intensity Data (Version January 27, 2025). Electricity Maps. https://www.electricitymaps.com"
2024-01-01 00:00:00,Belarus,Belarus,BY,294.17,397.49,21.8,4.41,Electricity Maps Estimation,"Electricity Maps (2025). Belarus 2024 Yearly Carbon Intensity Data (Version January 27, 2025). Electricity Maps. https://www.electricitymaps.com"
2024-01-01 00:00:00,Canada,Yukon,CA-YT,124.77,197.41,67.57,67.57,Electricity Maps Estimation,"Electricity Maps (2025). Canada 2024 Yearly Carbon Intensity Data (Version January 27, 2025). Electricity Maps. https://www.electricitymaps.com"
2024-01-01 00:00:00,Austria,Austria,AT,100.1,124.33,86.19,82.12,entsoe.eu,"Electricity Maps (2025). Austria 2024 Yearly Carbon Intensity Data (Version January 27, 2025). Electricity Maps. https://www.electricitymaps.com"
2024-01-01 00:00:00,Solomon Islands,Solomon Islands,SB,575.0,700.0,0.0,0.0,Electricity Maps Estimation,"Electricity Maps (2025). Solomon Islands 2024 Yearly Carbon Intensity Data (Version January 27, 2025). Electricity Maps. https://www.electricitymaps.com"
2024-01-01 00:00:00,Spain,Formentera,ES-IB-FO,478.29,605.05,24.86,21.74,demanda.ree.es,"Electricity Maps (2025). Spain 2024 Yearly Carbon Intensity Data (Version January 27, 2025). Electricity Maps. https://www.electricitymaps.com"
2024-01-01 00:00:00,USA,Chelan County,US-NW-CHPD,2.89,27.14,99.5,99.29,eia.gov; Electricity Maps Estimation,"Electricity Maps (2025). USA 2024 Yearly Carbon Intensity Data (Version January 27, 2025). Electricity Maps. https://www.electricitymaps.com"
2024-01-01 00:00:00,USA,Seattle City Light,US-NW-SCL,52.38,80.55,91.03,84.92,eia.gov; Electricity Maps Estimation,"Electricity Maps (2025). USA 2024 Yearly Carbon Intensity Data (Version January 27, 2025). Electricity Maps. https://www.electricitymaps.com"
2024-01-01 00:00:00,Nicaragua,Nicaragua,NI,167.36,311.23,59.03,59.03,Electricity Maps Estimation; cndc.org.ni,"Electricity Maps (2025). Nicaragua 2024 Yearly Carbon Intensity Data (Version January 27, 2025). Electricity Maps. https://www.electricitymaps.com"
2024-01-01 00:00:00,Thailand,Thailand,TH,380.81,500.06,18.33,18.33,Electricity Maps Estimation,"Electricity Maps (2025). Thailand 2024 Yearly Carbon Intensity Data (Version January 27, 2025). Electricity Maps. https://www.electricitymaps.com"
2024-01-01 00:00:00,Great Britain,Great Britain,GB,106.68,163.92,72.91,54.98, nationalgrideso.com; elexon.co.uk; bmreports.com; Electricity Maps Estimation,"Electricity Maps (2025). Great Britain 2024 Yearly Carbon Intensity Data (Version January 27, 2025). Electricity Maps. https://www.electricitymaps.com"
2024-01-01 00:00:00,Brazil,North Brazil,BR-N,93.78,133.04,83.69,83.65,Electricity Maps Estimation; ons.org.br,"Electricity Maps (2025). Brazil 2024 Yearly Carbon Intensity Data (Version January 27, 2025). Electricity Maps. https://www.electricitymaps.com"
2024-01-01 00:00:00,Moldova,Moldova,MD,325.49,419.36,23.78,16.14,moldelectrica.md; Electricity Maps Estimation,"Electricity Maps (2025). Moldova 2024 Yearly Carbon Intensity Data (Version January 27, 2025). Electricity Maps. https://www.electricitymaps.com"
2024-01-01 00:00:00,Dominican Republic,Dominican Republic,DO,453.36,546.62,16.75,16.75,Electricity Maps Estimation,"Electricity Maps (2025). Dominican Republic 2024 Yearly Carbon Intensity Data (Version January 27, 2025). Electricity Maps. https://www.electricitymaps.com"
2024-01-01 00:00:00,Spain,Spain,ES,88.95,124.09,81.41,58.75,entsoe.eu,"Electricity Maps (2025). Spain 2024 Yearly Carbon Intensity Data (Version January 27, 2025). Electricity Maps. https://www.electricitymaps.com"
2024-01-01 00:00:00,Australia,New South Wales,AU-NSW,489.06,541.42,34.61,34.61,opennem.org.au; Electricity Maps Estimation,"Electricity Maps (2025). Australia 2024 Yearly Carbon Intensity Data (Version January 27, 2025). Electricity Maps. https://www.electricitymaps.com"
2024-01-01 00:00:00,Australia,Tasmania,AU-TAS,101.92,132.76,84.52,84.52,opennem.org.au; Electricity Maps Estimation,"Electricity Maps (2025). Australia 2024 Yearly Carbon Intensity Data (Version January 27, 2025). Electricity Maps. https://www.electricitymaps.com"
2024-01-01 00:00:00,Japan,Hokuriku,JP-HR,373.86,451.06,31.67,29.38,Electricity Maps Estimation,"Electricity Maps (2025). Japan 2024 Yearly Carbon Intensity Data (Version January 27, 2025). Electricity Maps. https://www.electricitymaps.com"
2024-01-01 00:00:00,Canada,Newfoundland and Labrador,CA-NL,2.56,27.6,99.34,99.34,Electricity Maps Estimation,"Electricity Maps (2025). Canada 2024 Yearly Carbon Intensity Data (Version January 27, 2025). Electricity Maps. https://www.electricitymaps.com"
2024-01-01 00:00:00,Guinea-Bissau,Guinea-Bissau,GW,575.0,700.0,0.0,0.0,Electricity Maps Estimation,"Electricity Maps (2025). Guinea-Bissau 2024 Yearly Carbon Intensity Data (Version January 27, 2025). Electricity Maps. https://www.electricitymaps.com"
2024-01-01 00:00:00,Falkland Islands,Falkland Islands,FK,287.46,355.45,50.01,50.01,Electricity Maps Estimation,"Electricity Maps (2025). Falkland Islands 2024 Yearly Carbon Intensity Data (Version January 27, 2025). Electricity Maps. https://www.electricitymaps.com"
2024-01-01 00:00:00,Martinique,Martinique,MQ,346.47,578.57,14.01,14.01,Electricity Maps Estimation; opendata-martinique.edf.fr,"Electricity Maps (2025). Martinique 2024 Yearly Carbon Intensity Data (Version January 27, 2025). Electricity Maps. https://www.electricitymaps.com"
2024-01-01 00:00:00,USA,Nevada Power Company,US-NW-NEVP,352.53,438.88,30.38,28.58,Electricity Maps Estimation; eia.gov,"Electricity Maps (2025). USA 2024 Yearly Carbon Intensity Data (Version January 27, 2025). Electricity Maps. https://www.electricitymaps.com"
2024-01-01 00:00:00,Algeria,Algeria,DZ,367.45,487.33,0.72,0.72,Electricity Maps Estimation,"Electricity Maps (2025). Algeria 2024 Yearly Carbon Intensity Data (Version January 27, 2025). Electricity Maps. https://www.electricitymaps.com"
2024-01-01 00:00:00,Kyrgyzstan,Kyrgyzstan,KG,100.89,130.83,86.13,86.13,Electricity Maps Estimation,"Electricity Maps (2025). Kyrgyzstan 2024 Yearly Carbon Intensity Data (Version January 27, 2025). Electricity Maps. https://www.electricitymaps.com"
2024-01-01 00:00:00,Norway,North Norway,NO-NO4,27.33,55.31,93.15,92.92,Electricity Maps Estimation; entsoe.eu,"Electricity Maps (2025). Norway 2024 Yearly Carbon Intensity Data (Version January 27, 2025). Electricity Maps. https://www.electricitymaps.com"
2024-01-01 00:00:00,Lebanon,Lebanon,LB,222.54,373.25,45.19,45.19,Electricity Maps Estimation,"Electricity Maps (2025). Lebanon 2024 Yearly Carbon Intensity Data (Version January 27, 2025). Electricity Maps. https://www.electricitymaps.com"
2024-01-01 00:00:00,USA,Grant County,US-NW-GCPD,24.61,51.98,95.17,94.02,eia.gov; Electricity Maps Estimation,"Electricity Maps (2025). USA 2024 Yearly Carbon Intensity Data (Version January 27, 2025). Electricity Maps. https://www.electricitymaps.com"
2024-01-01 00:00:00,Saint Vincent and the Grenadines,Saint Vincent and the Grenadines,VC,439.71,540.94,23.53,23.53,Electricity Maps Estimation,"Electricity Maps (2025). Saint Vincent and the Grenadines 2024 Yearly Carbon Intensity Data (Version January 27, 2025). Electricity Maps. https://www.electricitymaps.com"
2024-01-01 00:00:00,Turkey,Turkey,TR,361.4,423.02,42.2,42.14,epias.com.tr; Electricity Maps Estimation,"Electricity Maps (2025). Turkey 2024 Yearly Carbon Intensity Data (Version January 27, 2025). Electricity Maps. https://www.electricitymaps.com"
2024-01-01 00:00:00,Japan,Chūgoku,JP-CG,386.43,471.38,29.38,23.59,Electricity Maps Estimation,"Electricity Maps (2025). Japan 2024 Yearly Carbon Intensity Data (Version January 27, 2025). Electricity Maps. https://www.electricitymaps.com"
2024-01-01 00:00:00,Cambodia,Cambodia,KH,257.22,300.9,64.8,64.8,Electricity Maps Estimation,"Electricity Maps (2025). Cambodia 2024 Yearly Carbon Intensity Data (Version January 27, 2025). Electricity Maps. https://www.electricitymaps.com"
2024-01-01 00:00:00,Canada,Prince Edward Island,CA-PE,45.46,70.94,91.14,81.6,Electricity Maps Estimation,"Electricity Maps (2025). Canada 2024 Yearly Carbon Intensity Data (Version January 27, 2025). Electricity Maps. https://www.electricitymaps.com"
2024-01-01 00:00:00,USA,Portland General Electric Company,US-NW-PGE,165.51,217.5,66.21,59.89,Electricity Maps Estimation; eia.gov,"Electricity Maps (2025). USA 2024 Yearly Carbon Intensity Data (Version January 27, 2025). Electricity Maps. https://www.electricitymaps.com"
2024-01-01 00:00:00,Israel,Israel,IL,432.0,533.05,7.33,7.33,Electricity Maps Estimation,"Electricity Maps (2025). Israel 2024 Yearly Carbon Intensity Data (Version January 27, 2025). Electricity Maps. https://www.electricitymaps.com"
2024-01-01 00:00:00,Spain,Fuerteventura,ES-CN-FV,563.52,753.61,23.64,23.64,demanda.ree.es; Electricity Maps Estimation,"Electricity Maps (2025). Spain 2024 Yearly Carbon Intensity Data (Version January 27, 2025). Electricity Maps. https://www.electricitymaps.com"
2024-01-01 00:00:00,Spain,La Palma,ES-CN-LP,618.41,842.6,8.66,8.66,demanda.ree.es,"Electricity Maps (2025). Spain 2024 Yearly Carbon Intensity Data (Version January 27, 2025). Electricity Maps. https://www.electricitymaps.com"
2024-01-01 00:00:00,USA,Bonneville Power Administration,US-NW-BPAT,76.6,106.3,87.07,77.47,eia.gov,"Electricity Maps (2025). USA 2024 Yearly Carbon Intensity Data (Version January 27, 2025). Electricity Maps. https://www.electricitymaps.com"
2024-01-01 00:00:00,North Macedonia,North Macedonia,MK,422.83,481.58,34.29,29.48,entsoe.eu; Electricity Maps Estimation,"Electricity Maps (2025). North Macedonia 2024 Yearly Carbon Intensity Data (Version January 27, 2025). Electricity Maps. https://www.electricitymaps.com"
2024-01-01 00:00:00,Russia,Europe-Ural,RU-1,390.46,357.4,32.18,7.76,so-ups.ru,"Electricity Maps (2025). Russia 2024 Yearly Carbon Intensity Data (Version January 27, 2025). Electricity Maps. https://www.electricitymaps.com"
2024-01-01 00:00:00,USA,Associated Electric Cooperative,US-MIDW-AECI,553.28,616.01,20.67,19.86,Electricity Maps Estimation; eia.gov,"Electricity Maps (2025). USA 2024 Yearly Carbon Intensity Data (Version January 27, 2025). Electricity Maps. https://www.electricitymaps.com"
2024-01-01 00:00:00,Gambia,Gambia,GM,575.0,700.0,0.0,0.0,Electricity Maps Estimation,"Electricity Maps (2025). Gambia 2024 Yearly Carbon Intensity Data (Version January 27, 2025). Electricity Maps. https://www.electricitymaps.com"
2024-01-01 00:00:00,Togo,Togo,TG,293.69,396.87,20.66,20.66,Electricity Maps Estimation,"Electricity Maps (2025). Togo 2024 Yearly Carbon Intensity Data (Version January 27, 2025). Electricity Maps. https://www.electricitymaps.com"
2024-01-01 00:00:00,Namibia,Namibia,NA,10.9,43.53,98.5,98.5,Electricity Maps Estimation,"Electricity Maps (2025). Namibia 2024 Yearly Carbon Intensity Data (Version January 27, 2025). Electricity Maps. https://www.electricitymaps.com"
2024-01-01 00:00:00,Mali,Mali,ML,336.06,422.37,41.55,41.55,Electricity Maps Estimation,"Electricity Maps (2025). Mali 2024 Yearly Carbon Intensity Data (Version January 27, 2025). Electricity Maps. https://www.electricitymaps.com"
2024-01-01 00:00:00,Italy,Central North Italy,IT-CNO,196.52,261.84,59.31,54.14,entsoe.eu; Electricity Maps Estimation,"Electricity Maps (2025). Italy 2024 Yearly Carbon Intensity Data (Version January 27, 2025). Electricity Maps. https://www.electricitymaps.com"
2024-01-01 00:00:00,Spain,Ibiza,ES-IB-IZ,380.22,479.32,24.37,19.84,demanda.ree.es,"Electricity Maps (2025). Spain 2024 Yearly Carbon Intensity Data (Version January 27, 2025). Electricity Maps. https://www.electricitymaps.com"
2024-01-01 00:00:00,Papua New Guinea,Papua New Guinea,PG,442.6,550.63,16.24,16.24,Electricity Maps Estimation,"Electricity Maps (2025). Papua New Guinea 2024 Yearly Carbon Intensity Data (Version January 27, 2025). Electricity Maps. https://www.electricitymaps.com"
2024-01-01 00:00:00,Cameroon,Cameroon,CM,99.4,159.55,73.93,73.93,Electricity Maps Estimation,"Electricity Maps (2025). Cameroon 2024 Yearly Carbon Intensity Data (Version January 27, 2025). Electricity Maps. https://www.electricitymaps.com"
2024-01-01 00:00:00,Kazakhstan,Kazakhstan,KZ,554.21,628.98,13.83,13.76,Electricity Maps Estimation,"Electricity Maps (2025). Kazakhstan 2024 Yearly Carbon Intensity Data (Version January 27, 2025). Electricity Maps. https://www.electricitymaps.com"
2024-01-01 00:00:00,USA,Puget Sound Energy,US-NW-PSEI,131.41,177.95,71.17,64.83,eia.gov; Electricity Maps Estimation,"Electricity Maps (2025). USA 2024 Yearly Carbon Intensity Data (Version January 27, 2025). Electricity Maps. https://www.electricitymaps.com"
2024-01-01 00:00:00,South Africa,South Africa,ZA,655.89,712.78,15.15,11.4,Electricity Maps Estimation; eskom.co.za,"Electricity Maps (2025). South Africa 2024 Yearly Carbon Intensity Data (Version January 27, 2025). Electricity Maps. https://www.electricitymaps.com"
2024-01-01 00:00:00,USA,Florida Power and Light Company,US-FLA-FPL,278.77,370.8,26.73,8.33,Electricity Maps Estimation; eia.gov,"Electricity Maps (2025). USA 2024 Yearly Carbon Intensity Data (Version January 27, 2025). Electricity Maps. https://www.electricitymaps.com"
2024-01-01 00:00:00,Puerto Rico,Puerto Rico,PR,596.53,352.73,42.36,42.36,Electricity Maps Estimation,"Electricity Maps (2025). Puerto Rico 2024 Yearly Carbon Intensity Data (Version January 27, 2025). Electricity Maps. https://www.electricitymaps.com"
2024-01-01 00:00:00,Bangladesh,Bangladesh,BD,514.99,623.55,2.98,2.95,Electricity Maps Estimation; erp.pgcb.gov.bd,"Electricity Maps (2025). Bangladesh 2024 Yearly Carbon Intensity Data (Version January 27, 2025). Electricity Maps. https://www.electricitymaps.com"
2024-01-01 00:00:00,USA,Gridforce Energy Management,US-NW-GRID,429.55,490.89,13.97,13.97,Electricity Maps Estimation; eia.gov,"Electricity Maps (2025). USA 2024 Yearly Carbon Intensity Data (Version January 27, 2025). Electricity Maps. https://www.electricitymaps.com"
2024-01-01 00:00:00,USA,Turlock Irrigation District,US-CAL-TIDC,316.37,403.61,33.39,31.98,eia.gov; Electricity Maps Estimation,"Electricity Maps (2025). USA 2024 Yearly Carbon Intensity Data (Version January 27, 2025). Electricity Maps. https://www.electricitymaps.com"
2024-01-01 00:00:00,Brazil,South Brazil,BR-S,45.17,78.31,92.14,91.8,Electricity Maps Estimation; ons.org.br,"Electricity Maps (2025). Brazil 2024 Yearly Carbon Intensity Data (Version January 27, 2025). Electricity Maps. https://www.electricitymaps.com"
2024-01-01 00:00:00,USA,Hawaii,US-HI,326.1,530.63,20.37,20.37,Electricity Maps Estimation,"Electricity Maps (2025). USA 2024 Yearly Carbon Intensity Data (Version January 27, 2025). Electricity Maps. https://www.electricitymaps.com"
2024-01-01 00:00:00,Malaysia,Malaysia,MY,492.51,567.94,18.01,18.01,,"Electricity Maps (2025). Malaysia 2024 Yearly Carbon Intensity Data (Version January 27, 2025). Electricity Maps. https://www.electricitymaps.com"
2024-01-01 00:00:00,Iraq,Iraq,IQ,379.6,556.61,2.03,2.03,Electricity Maps Estimation,"Electricity Maps (2025). Iraq 2024 Yearly Carbon Intensity Data (Version January 27, 2025). Electricity Maps. https://www.electricitymaps.com"
2024-01-01 00:00:00,USA,City of Tacoma,US-NW-TPWR,47.9,75.42,91.95,86.11,eia.gov,"Electricity Maps (2025). USA 2024 Yearly Carbon Intensity Data (Version January 27, 2025). Electricity Maps. https://www.electricitymaps.com"
2024-01-01 00:00:00,Afghanistan,Afghanistan,AF,96.75,136.24,84.34,84.34,Electricity Maps Estimation,"Electricity Maps (2025). Afghanistan 2024 Yearly Carbon Intensity Data (Version January 27, 2025). Electricity Maps. https://www.electricitymaps.com"
2024-01-01 00:00:00,Faroe Islands,Main Islands,FO-MI,279.48,396.29,56.41,56.41,sev.fo,"Electricity Maps (2025). Faroe Islands 2024 Yearly Carbon Intensity Data (Version January 27, 2025). Electricity Maps. https://www.electricitymaps.com"
2024-01-01 00:00:00,Curaçao,Curaçao,CW,304.87,491.9,24.91,24.91,Electricity Maps Estimation,"Electricity Maps (2025). Curaçao 2024 Yearly Carbon Intensity Data (Version January 27, 2025). Electricity Maps. https://www.electricitymaps.com"
2024-01-01 00:00:00,Qatar,Qatar,QA,365.98,485.16,1.09,1.09,Electricity Maps Estimation,"Electricity Maps (2025). Qatar 2024 Yearly Carbon Intensity Data (Version January 27, 2025). Electricity Maps. https://www.electricitymaps.com"
2024-01-01 00:00:00,Norway,Middle Norway,NO-NO3,6.74,28.73,98.56,98.45,Electricity Maps Estimation; entsoe.eu,"Electricity Maps (2025). Norway 2024 Yearly Carbon Intensity Data (Version January 27, 2025). Electricity Maps. https://www.electricitymaps.com"
2024-01-01 00:00:00,USA,Duke Energy Florida,US-FLA-FPC,396.03,503.2,9.21,6.42,Electricity Maps Estimation; eia.gov,"Electricity Maps (2025). USA 2024 Yearly Carbon Intensity Data (Version January 27, 2025). Electricity Maps. https://www.electricitymaps.com"
2024-01-01 00:00:00,Maldives,Maldives,MV,529.59,648.28,7.9,7.9,Electricity Maps Estimation,"Electricity Maps (2025). Maldives 2024 Yearly Carbon Intensity Data (Version January 27, 2025). Electricity Maps. https://www.electricitymaps.com"
2024-01-01 00:00:00,USA,Imperial Irrigation District,US-CAL-IID,406.3,503.42,25.82,25.08,Electricity Maps Estimation; eia.gov,"Electricity Maps (2025). USA 2024 Yearly Carbon Intensity Data (Version January 27, 2025). Electricity Maps. https://www.electricitymaps.com"
2024-01-01 00:00:00,Guadeloupe,Guadeloupe,GP,358.02,532.64,26.35,26.35,Electricity Maps Estimation; opendata-guadeloupe.edf.fr,"Electricity Maps (2025). Guadeloupe 2024 Yearly Carbon Intensity Data (Version January 27, 2025). Electricity Maps. https://www.electricitymaps.com"
2024-01-01 00:00:00,Tanzania,Tanzania,TZ,266.42,361.28,28.01,28.01,Electricity Maps Estimation,"Electricity Maps (2025). Tanzania 2024 Yearly Carbon Intensity Data (Version January 27, 2025). Electricity Maps. https://www.electricitymaps.com"
2024-01-01 00:00:00,Ethiopia,Ethiopia,ET,0.04,23.76,99.99,99.99,Electricity Maps Estimation,"Electricity Maps (2025). Ethiopia 2024 Yearly Carbon Intensity Data (Version January 27, 2025). Electricity Maps. https://www.electricitymaps.com"
2024-01-01 00:00:00,USA,Southeastern Power Administration,US-SE-SEPA,429.31,499.08,40.0,14.87,eia.gov; Electricity Maps Estimation,"Electricity Maps (2025). USA 2024 Yearly Carbon Intensity Data (Version January 27, 2025). Electricity Maps. https://www.electricitymaps.com"
2024-01-01 00:00:00,USA,USA,US,332.84,400.2,41.58,22.8,,"Electricity Maps (2025). USA 2024 Yearly Carbon Intensity Data (Version January 27, 2025). Electricity Maps. https://www.electricitymaps.com"
2024-01-01 00:00:00,Georgia,Georgia,GE,119.43,162.09,70.67,68.67,Electricity Maps Estimation; gse.com.ge,"Electricity Maps (2025). Georgia 2024 Yearly Carbon Intensity Data (Version January 27, 2025). Electricity Maps. https://www.electricitymaps.com"
2024-01-01 00:00:00,Tonga,Tonga,TO,505.92,621.31,12.01,12.01,Electricity Maps Estimation,"Electricity Maps (2025). Tonga 2024 Yearly Carbon Intensity Data (Version January 27, 2025). Electricity Maps. https://www.electricitymaps.com"
2024-01-01 00:00:00,India,Northern India,IN-NO,518.06,570.63,30.94,28.39,Electricity Maps Estimation,"Electricity Maps (2025). India 2024 Yearly Carbon Intensity Data (Version January 27, 2025). Electricity Maps. https://www.electricitymaps.com"
2024-01-01 00:00:00,USA,Southern Company Services,US-SE-SOCO,342.67,421.01,33.17,7.39,Electricity Maps Estimation; eia.gov,"Electricity Maps (2025). USA 2024 Yearly Carbon Intensity Data (Version January 27, 2025). Electricity Maps. https://www.electricitymaps.com"
2024-01-01 00:00:00,USA,Florida Municipal Power Pool,US-FLA-FMPP,436.07,536.1,10.86,3.75,Electricity Maps Estimation; eia.gov,"Electricity Maps (2025). USA 2024 Yearly Carbon Intensity Data (Version January 27, 2025). Electricity Maps. https://www.electricitymaps.com"
2024-01-01 00:00:00,Indonesia,Indonesia,ID,567.04,645.9,18.16,18.16,Electricity Maps Estimation,"Electricity Maps (2025). Indonesia 2024 Yearly Carbon Intensity Data (Version January 27, 2025). Electricity Maps. https://www.electricitymaps.com"
2024-01-01 00:00:00,Sweden,Sweden,SE,4.09,22.6,99.51,69.38,entsoe.eu,"Electricity Maps (2025). Sweden 2024 Yearly Carbon Intensity Data (Version January 27, 2025). Electricity Maps. https://www.electricitymaps.com"
2024-01-01 00:00:00,Italy,North Italy,IT-NO,188.67,244.25,60.77,47.4,entsoe.eu; Electricity Maps Estimation,"Electricity Maps (2025). Italy 2024 Yearly Carbon Intensity Data (Version January 27, 2025). Electricity Maps. https://www.electricitymaps.com"
2024-01-01 00:00:00,USA,"Alcoa Power Generating, Inc. Yadkin Division",US-CAR-YAD,25.16,52.58,95.69,90.64,Electricity Maps Estimation; eia.gov,"Electricity Maps (2025). USA 2024 Yearly Carbon Intensity Data (Version January 27, 2025). Electricity Maps. https://www.electricitymaps.com"
2024-01-01 00:00:00,Philippines,Philippines,PH,549.81,623.85,18.61,18.61,,"Electricity Maps (2025). Philippines 2024 Yearly Carbon Intensity Data (Version January 27, 2025). Electricity Maps. https://www.electricitymaps.com"
2024-01-01 00:00:00,French Polynesia,French Polynesia,PF,221.87,367.97,45.35,45.35,Electricity Maps Estimation; edt.pf,"Electricity Maps (2025). French Polynesia 2024 Yearly Carbon Intensity Data (Version January 27, 2025). Electricity Maps. https://www.electricitymaps.com"
2024-01-01 00:00:00,Rwanda,Rwanda,RW,230.64,314.61,52.14,52.14,Electricity Maps Estimation,"Electricity Maps (2025). Rwanda 2024 Yearly Carbon Intensity Data (Version January 27, 2025). Electricity Maps. https://www.electricitymaps.com"
2024-01-01 00:00:00,Slovakia,Slovakia,SK,206.08,239.73,74.83,23.69,entsoe.eu,"Electricity Maps (2025). Slovakia 2024 Yearly Carbon Intensity Data (Version January 27, 2025). Electricity Maps. https://www.electricitymaps.com"
2024-01-01 00:00:00,Sweden,North Sweden,SE-SE1,1.59,15.27,99.71,98.43,entsoe.eu; Electricity Maps Estimation,"Electricity Maps (2025). Sweden 2024 Yearly Carbon Intensity Data (Version January 27, 2025). Electricity Maps. https://www.electricitymaps.com"
2024-01-01 00:00:00,Australia,Western Australia,AU-WA,327.98,395.13,41.13,41.13,opennem.org.au; Electricity Maps Estimation,"Electricity Maps (2025). Australia 2024 Yearly Carbon Intensity Data (Version January 27, 2025). Electricity Maps. https://www.electricitymaps.com"
2024-01-01 00:00:00,Myanmar,Myanmar,MM,208.88,287.02,44.14,44.14,Electricity Maps Estimation,"Electricity Maps (2025). Myanmar 2024 Yearly Carbon Intensity Data (Version January 27, 2025). Electricity Maps. https://www.electricitymaps.com"
2024-01-01 00:00:00,USA,CAISO,US-CAL-CISO,171.21,227.14,62.7,51.77,caiso.com,"Electricity Maps (2025). USA 2024 Yearly Carbon Intensity Data (Version January 27, 2025). Electricity Maps. https://www.electricitymaps.com"
2024-01-01 00:00:00,Trinidad and Tobago,Trinidad and Tobago,TT,369.9,490.31,0.06,0.06,Electricity Maps Estimation,"Electricity Maps (2025). Trinidad and Tobago 2024 Yearly Carbon Intensity Data (Version January 27, 2025). Electricity Maps. https://www.electricitymaps.com"
2024-01-01 00:00:00,Mexico,Mexico,MX,296.31,391.68,22.16,18.76,cenace.gob.mx,"Electricity Maps (2025). Mexico 2024 Yearly Carbon Intensity Data (Version January 27, 2025). Electricity Maps. https://www.electricitymaps.com"
2024-01-01 00:00:00,Venezuela,Venezuela,VE,75.55,126.07,80.17,80.17,Electricity Maps Estimation,"Electricity Maps (2025). Venezuela 2024 Yearly Carbon Intensity Data (Version January 27, 2025). Electricity Maps. https://www.electricitymaps.com"
2024-01-01 00:00:00,USA,Duke Energy Carolinas,US-CAR-DUK,249.47,301.71,57.32,6.69,Electricity Maps Estimation; eia.gov,"Electricity Maps (2025). USA 2024 Yearly Carbon Intensity Data (Version January 27, 2025). Electricity Maps. https://www.electricitymaps.com"
2024-01-01 00:00:00,USA,Louisville Gas and Electric Company and Kentucky Utilities,US-MIDW-LGEE,758.16,856.32,7.16,3.33,eia.gov; Electricity Maps Estimation,"Electricity Maps (2025). USA 2024 Yearly Carbon Intensity Data (Version January 27, 2025). Electricity Maps. https://www.electricitymaps.com"
2024-01-01 00:00:00,Belgium,Belgium,BE,109.93,153.14,76.9,35.3,entsoe.eu; Electricity Maps Estimation,"Electricity Maps (2025). Belgium 2024 Yearly Carbon Intensity Data (Version January 27, 2025). Electricity Maps. https://www.electricitymaps.com"
2024-01-01 00:00:00,State of Palestine,State of Palestine,PS,445.08,552.01,22.59,22.59,Electricity Maps Estimation,"Electricity Maps (2025). State of Palestine 2024 Yearly Carbon Intensity Data (Version January 27, 2025). Electricity Maps. https://www.electricitymaps.com"
2024-01-01 00:00:00,Cyprus,Cyprus,CY,490.95,686.47,23.42,23.42,Electricity Maps Estimation; tsoc.org.cy,"Electricity Maps (2025). Cyprus 2024 Yearly Carbon Intensity Data (Version January 27, 2025). Electricity Maps. https://www.electricitymaps.com"
2024-01-01 00:00:00,USA,Balancing Authority of Northern California,US-CAL-BANC,201.9,271.48,51.58,49.37,Electricity Maps Estimation; eia.gov,"Electricity Maps (2025). USA 2024 Yearly Carbon Intensity Data (Version January 27, 2025). Electricity Maps. https://www.electricitymaps.com"
2024-01-01 00:00:00,Malawi,Malawi,MW,34.07,74.33,94.07,94.07,Electricity Maps Estimation,"Electricity Maps (2025). Malawi 2024 Yearly Carbon Intensity Data (Version January 27, 2025). Electricity Maps. https://www.electricitymaps.com"
2024-01-01 00:00:00,Sri Lanka,Sri Lanka,LK,332.9,404.88,49.0,49.0,ceb.lk,"Electricity Maps (2025). Sri Lanka 2024 Yearly Carbon Intensity Data (Version January 27, 2025). Electricity Maps. https://www.electricitymaps.com"
2024-01-01 00:00:00,India,Eastern India,IN-EA,710.86,768.96,6.29,5.9,Electricity Maps Estimation,"Electricity Maps (2025). India 2024 Yearly Carbon Intensity Data (Version January 27, 2025). Electricity Maps. https://www.electricitymaps.com"
2024-01-01 00:00:00,Equatorial Guinea,Equatorial Guinea,GQ,257.01,348.59,30.62,30.62,Electricity Maps Estimation,"Electricity Maps (2025). Equatorial Guinea 2024 Yearly Carbon Intensity Data (Version January 27, 2025). Electricity Maps. https://www.electricitymaps.com"
2024-01-01 00:00:00,New Zealand,New Zealand,NZ,74.82,112.17,85.39,85.39,Electricity Maps Estimation; transpower.co.nz,"Electricity Maps (2025). New Zealand 2024 Yearly Carbon Intensity Data (Version January 27, 2025). Electricity Maps. https://www.electricitymaps.com"
2024-01-01 00:00:00,Northern Ireland,Northern Ireland,GB-NIR,220.85,306.34,45.97,40.56,Electricity Maps Estimation,"Electricity Maps (2025). Northern Ireland 2024 Yearly Carbon Intensity Data (Version January 27, 2025). Electricity Maps. https://www.electricitymaps.com"
2024-01-01 00:00:00,Micronesia,Micronesia,FM,383.03,614.98,5.66,5.66,Electricity Maps Estimation,"Electricity Maps (2025). Micronesia 2024 Yearly Carbon Intensity Data (Version January 27, 2025). Electricity Maps. https://www.electricitymaps.com"
2024-01-01 00:00:00,Uganda,Uganda,UG,10.62,58.74,97.38,97.38,Electricity Maps Estimation,"Electricity Maps (2025). Uganda 2024 Yearly Carbon Intensity Data (Version January 27, 2025). Electricity Maps. https://www.electricitymaps.com"
2024-01-01 00:00:00,Japan,Kyūshū,JP-KY,244.77,309.8,55.24,24.27,Electricity Maps Estimation,"Electricity Maps (2025). Japan 2024 Yearly Carbon Intensity Data (Version January 27, 2025). Electricity Maps. https://www.electricitymaps.com"
2024-01-01 00:00:00,Antigua and Barbuda,Antigua and Barbuda,AG,541.6,661.95,5.81,5.81,Electricity Maps Estimation,"Electricity Maps (2025). Antigua and Barbuda 2024 Yearly Carbon Intensity Data (Version January 27, 2025). Electricity Maps. https://www.electricitymaps.com"
2024-01-01 00:00:00,Benin,Benin,BJ,362.39,508.29,4.35,4.35,Electricity Maps Estimation,"Electricity Maps (2025). Benin 2024 Yearly Carbon Intensity Data (Version January 27, 2025). Electricity Maps. https://www.electricitymaps.com"
2024-01-01 00:00:00,Norway,Southwest Norway,NO-NO2,9.17,34.25,98.34,97.29,entsoe.eu; Electricity Maps Estimation,"Electricity Maps (2025). Norway 2024 Yearly Carbon Intensity Data (Version January 27, 2025). Electricity Maps. https://www.electricitymaps.com"
2024-01-01 00:00:00,Kosovo,Kosovo,XK,599.72,652.52,19.9,19.01,Electricity Maps Estimation; entsoe.eu,"Electricity Maps (2025). Kosovo 2024 Yearly Carbon Intensity Data (Version January 27, 2025). Electricity Maps. https://www.electricitymaps.com"
2024-01-01 00:00:00,Cabo Verde,Cabo Verde,CV,483.53,591.19,15.91,15.91,Electricity Maps Estimation,"Electricity Maps (2025). Cabo Verde 2024 Yearly Carbon Intensity Data (Version January 27, 2025). Electricity Maps. https://www.electricitymaps.com"
2024-01-01 00:00:00,USA,Jacksonville Electric Authority,US-FLA-JEA,555.02,613.55,8.6,3.14,Electricity Maps Estimation; eia.gov,"Electricity Maps (2025). USA 2024 Yearly Carbon Intensity Data (Version January 27, 2025). Electricity Maps. https://www.electricitymaps.com"
2024-01-01 00:00:00,USA,Northwestern Energy,US-NW-NWMT,508.79,532.01,47.55,47.38,Electricity Maps Estimation; eia.gov,"Electricity Maps (2025). USA 2024 Yearly Carbon Intensity Data (Version January 27, 2025). Electricity Maps. https://www.electricitymaps.com"
2024-01-01 00:00:00,Argentina,Argentina,AR,302.79,380.04,47.34,39.87,Electricity Maps Estimation; cammesaweb.cammesa.com,"Electricity Maps (2025). Argentina 2024 Yearly Carbon Intensity Data (Version January 27, 2025). Electricity Maps. https://www.electricitymaps.com"
2024-01-01 00:00:00,Canada,Alberta,CA-AB,301.89,402.01,22.15,22.15,Electricity Maps Estimation; ets.aeso.ca,"Electricity Maps (2025). Canada 2024 Yearly Carbon Intensity Data (Version January 27, 2025). Electricity Maps. https://www.electricitymaps.com"
2024-01-01 00:00:00,Ireland,Ireland,IE,322.48,396.78,45.36,44.42,Electricity Maps Estimation,"Electricity Maps (2025). Ireland 2024 Yearly Carbon Intensity Data (Version January 27, 2025). Electricity Maps. https://www.electricitymaps.com"
2024-01-01 00:00:00,Sudan,Sudan,SD,104.12,184.54,74.35,74.35,Electricity Maps Estimation,"Electricity Maps (2025). Sudan 2024 Yearly Carbon Intensity Data (Version January 27, 2025). Electricity Maps. https://www.electricitymaps.com"
2024-01-01 00:00:00,Spain,Gran Canaria,ES-CN-GC,512.22,697.38,25.71,25.71,demanda.ree.es,"Electricity Maps (2025). Spain 2024 Yearly Carbon Intensity Data (Version January 27, 2025). Electricity Maps. https://www.electricitymaps.com"
2024-01-01 00:00:00,Australia,Rottnest Island,AU-WA-RI,322.06,519.94,20.67,20.67,hydro.com.au; https://www.hydro.com.au/clean-energy/hybrid-energy-solutions/success-stories/rottnest-island; Electricity Maps Estimation,"Electricity Maps (2025). Australia 2024 Yearly Carbon Intensity Data (Version January 27, 2025). Electricity Maps. https://www.electricitymaps.com"
2024-01-01 00:00:00,Tunisia,Tunisia,TN,364.16,482.44,1.58,1.58,Electricity Maps Estimation,"Electricity Maps (2025). Tunisia 2024 Yearly Carbon Intensity Data (Version January 27, 2025). Electricity Maps. https://www.electricitymaps.com"
2024-01-01 00:00:00,Norway,Norway,NO,8.78,33.29,98.1,96.44,entsoe.eu,"Electricity Maps (2025). Norway 2024 Yearly Carbon Intensity Data (Version January 27, 2025). Electricity Maps. https://www.electricitymaps.com"
2024-01-01 00:00:00,Australia,King Island,AU-TAS-KI,277.66,451.91,31.85,31.85,Electricity Maps Estimation; https://www.hydro.com.au/clean-energy/hybrid-energy-solutions/success-stories/king-island; hydro.com.au,"Electricity Maps (2025). Australia 2024 Yearly Carbon Intensity Data (Version January 27, 2025). Electricity Maps. https://www.electricitymaps.com"
2024-01-01 00:00:00,France,Corsica,FR-COR,381.55,492.03,41.59,41.26,Electricity Maps Estimation; opendata-corse.edf.fr,"Electricity Maps (2025). France 2024 Yearly Carbon Intensity Data (Version January 27, 2025). Electricity Maps. https://www.electricitymaps.com"
2024-01-01 00:00:00,Eritrea,Eritrea,ER,394.81,633.15,2.76,2.76,Electricity Maps Estimation,"Electricity Maps (2025). Eritrea 2024 Yearly Carbon Intensity Data (Version January 27, 2025). Electricity Maps. https://www.electricitymaps.com"
2024-01-01 00:00:00,Libya,Libya,LY,378.51,528.14,0.03,0.03,Electricity Maps Estimation,"Electricity Maps (2025). Libya 2024 Yearly Carbon Intensity Data (Version January 27, 2025). Electricity Maps. https://www.electricitymaps.com"
2024-01-01 00:00:00,Montenegro,Montenegro,ME,360.81,400.4,50.56,48.74,entsoe.eu; Electricity Maps Estimation,"Electricity Maps (2025). Montenegro 2024 Yearly Carbon Intensity Data (Version January 27, 2025). Electricity Maps. https://www.electricitymaps.com"
2024-01-01 00:00:00,India,Western India,IN-WE,678.05,736.13,9.46,6.14,Electricity Maps Estimation,"Electricity Maps (2025). India 2024 Yearly Carbon Intensity Data (Version January 27, 2025). Electricity Maps. https://www.electricitymaps.com"
2024-01-01 00:00:00,Democratic Republic of the Congo,Democratic Republic of the Congo,CD,0.12,24.65,99.97,99.97,Electricity Maps Estimation,"Electricity Maps (2025). Democratic Republic of the Congo 2024 Yearly Carbon Intensity Data (Version January 27, 2025). Electricity Maps. https://www.electricitymaps.com"
2024-01-01 00:00:00,Jordan,Jordan,JO,285.83,390.57,23.12,23.12,Electricity Maps Estimation,"Electricity Maps (2025). Jordan 2024 Yearly Carbon Intensity Data (Version January 27, 2025). Electricity Maps. https://www.electricitymaps.com"
2024-01-01 00:00:00,Yemen,Yemen,YE,321.8,522.34,20.56,20.56,Electricity Maps Estimation,"Electricity Maps (2025). Yemen 2024 Yearly Carbon Intensity Data (Version January 27, 2025). Electricity Maps. https://www.electricitymaps.com"
2024-01-01 00:00:00,Seychelles,Seychelles,SC,490.63,603.35,14.67,14.67,Electricity Maps Estimation,"Electricity Maps (2025). Seychelles 2024 Yearly Carbon Intensity Data (Version January 27, 2025). Electricity Maps. https://www.electricitymaps.com"
2024-01-01 00:00:00,USA,ISO New England,US-NE-ISNE,214.85,298.27,45.7,21.5,Electricity Maps Estimation; iso-ne.com,"Electricity Maps (2025). USA 2024 Yearly Carbon Intensity Data (Version January 27, 2025). Electricity Maps. https://www.electricitymaps.com"
2024-01-01 00:00:00,Australia,Australia,AU,435.48,488.85,38.76,38.76,,"Electricity Maps (2025). Australia 2024 Yearly Carbon Intensity Data (Version January 27, 2025). Electricity Maps. https://www.electricitymaps.com"
2024-01-01 00:00:00,USA,Western Area Power Administration - Rocky Mountain Region,US-NW-WACM,612.18,640.93,37.77,37.47,eia.gov; Electricity Maps Estimation,"Electricity Maps (2025). USA 2024 Yearly Carbon Intensity Data (Version January 27, 2025). Electricity Maps. https://www.electricitymaps.com"
2024-01-01 00:00:00,Spain,Mallorca,ES-IB-MA,291.4,381.05,35.34,28.49,demanda.ree.es,"Electricity Maps (2025). Spain 2024 Yearly Carbon Intensity Data (Version January 27, 2025). Electricity Maps. https://www.electricitymaps.com"
2024-01-01 00:00:00,Norway,West Norway,NO-NO5,1.69,26.34,99.68,99.6,entsoe.eu; Electricity Maps Estimation,"Electricity Maps (2025). Norway 2024 Yearly Carbon Intensity Data (Version January 27, 2025). Electricity Maps. https://www.electricitymaps.com"
2024-01-01 00:00:00,El Salvador,El Salvador,SV,146.6,247.14,63.33,63.33,ut.com.sv; Electricity Maps Estimation,"Electricity Maps (2025). El Salvador 2024 Yearly Carbon Intensity Data (Version January 27, 2025). Electricity Maps. https://www.electricitymaps.com"
2024-01-01 00:00:00,USA,PJM Interconnection,US-MIDA-PJM,328.17,400.21,39.95,7.53,pjm.com,"Electricity Maps (2025). USA 2024 Yearly Carbon Intensity Data (Version January 27, 2025). Electricity Maps. https://www.electricitymaps.com"
2024-01-01 00:00:00,Hong Kong,Hong Kong,HK,493.19,594.32,1.09,1.09,Electricity Maps Estimation,"Electricity Maps (2025). Hong Kong 2024 Yearly Carbon Intensity Data (Version January 27, 2025). Electricity Maps. https://www.electricitymaps.com"
2024-01-01 00:00:00,Denmark,West Denmark,DK-DK1,77.33,120.04,86.36,81.95,Electricity Maps Estimation; entsoe.eu,"Electricity Maps (2025). Denmark 2024 Yearly Carbon Intensity Data (Version January 27, 2025). Electricity Maps. https://www.electricitymaps.com"
2024-01-01 00:00:00,Fiji,Fiji,FJ,231.25,304.55,59.78,59.78,Electricity Maps Estimation,"Electricity Maps (2025). Fiji 2024 Yearly Carbon Intensity Data (Version January 27, 2025). Electricity Maps. https://www.electricitymaps.com"
2024-01-01 00:00:00,USA,Alaska,US-AK,403.02,501.52,28.92,28.92,Electricity Maps Estimation,"Electricity Maps (2025). USA 2024 Yearly Carbon Intensity Data (Version January 27, 2025). Electricity Maps. https://www.electricitymaps.com"
2024-01-01 00:00:00,Faroe Islands,South Island,FO-SI,300.36,421.45,53.15,53.15,sev.fo,"Electricity Maps (2025). Faroe Islands 2024 Yearly Carbon Intensity Data (Version January 27, 2025). Electricity Maps. https://www.electricitymaps.com"
2024-01-01 00:00:00,Egypt,Egypt,EG,342.83,452.29,11.62,11.62,Electricity Maps Estimation,"Electricity Maps (2025). Egypt 2024 Yearly Carbon Intensity Data (Version January 27, 2025). Electricity Maps. https://www.electricitymaps.com"
2024-01-01 00:00:00,Malaysia,Peninsula,MY-WM,564.65,644.72,6.93,6.93,Electricity Maps Estimation; www.gso.org.my,"Electricity Maps (2025). Malaysia 2024 Yearly Carbon Intensity Data (Version January 27, 2025). Electricity Maps. https://www.electricitymaps.com"
2024-01-01 00:00:00,Australia,Queensland,AU-QLD,522.68,580.99,27.87,27.87,Electricity Maps Estimation; opennem.org.au,"Electricity Maps (2025). Australia 2024 Yearly Carbon Intensity Data (Version January 27, 2025). Electricity Maps. https://www.electricitymaps.com"
2024-01-01 00:00:00,USA,Avista Corporation,US-NW-AVA,164.05,213.29,68.17,65.29,Electricity Maps Estimation; eia.gov,"Electricity Maps (2025). USA 2024 Yearly Carbon Intensity Data (Version January 27, 2025). Electricity Maps. https://www.electricitymaps.com"
2024-01-01 00:00:00,Syria,Syria,SY,374.53,563.78,4.54,4.54,Electricity Maps Estimation,"Electricity Maps (2025). Syria 2024 Yearly Carbon Intensity Data (Version January 27, 2025). Electricity Maps. https://www.electricitymaps.com"
2024-01-01 00:00:00,Angola,Angola,AO,106.17,176.83,72.88,72.88,Electricity Maps Estimation,"Electricity Maps (2025). Angola 2024 Yearly Carbon Intensity Data (Version January 27, 2025). Electricity Maps. https://www.electricitymaps.com"
2024-01-01 00:00:00,Réunion,Réunion,RE,319.4,471.19,39.3,39.3,opendata-reunion.edf.fr; Electricity Maps Estimation,"Electricity Maps (2025). Réunion 2024 Yearly Carbon Intensity Data (Version January 27, 2025). Electricity Maps. https://www.electricitymaps.com"
2024-01-01 00:00:00,Portugal,Portugal,PT,68.41,100.98,87.03,81.65,entsoe.eu; Electricity Maps Estimation,"Electricity Maps (2025). Portugal 2024 Yearly Carbon Intensity Data (Version January 27, 2025). Electricity Maps. https://www.electricitymaps.com"
2024-01-01 00:00:00,Barbados,Barbados,BB,527.09,646.07,7.35,7.35,Electricity Maps Estimation,"Electricity Maps (2025). Barbados 2024 Yearly Carbon Intensity Data (Version January 27, 2025). Electricity Maps. https://www.electricitymaps.com"
2024-01-01 00:00:00,Japan,Tōkyō,JP-TK,449.84,539.68,17.76,17.69,Electricity Maps Estimation,"Electricity Maps (2025). Japan 2024 Yearly Carbon Intensity Data (Version January 27, 2025). Electricity Maps. https://www.electricitymaps.com"
2024-01-01 00:00:00,Saint Lucia,Saint Lucia,LC,575.0,700.0,0.0,0.0,Electricity Maps Estimation,"Electricity Maps (2025). Saint Lucia 2024 Yearly Carbon Intensity Data (Version January 27, 2025). Electricity Maps. https://www.electricitymaps.com"
2024-01-01 00:00:00,Guyana,Guyana,GY,560.71,685.83,1.71,1.71,Electricity Maps Estimation,"Electricity Maps (2025). Guyana 2024 Yearly Carbon Intensity Data (Version January 27, 2025). Electricity Maps. https://www.electricitymaps.com"
2024-01-01 00:00:00,Canada,New Brunswick,CA-NB,113.07,153.33,78.0,50.97,Electricity Maps Estimation,"Electricity Maps (2025). Canada 2024 Yearly Carbon Intensity Data (Version January 27, 2025). Electricity Maps. https://www.electricitymaps.com"
2024-01-01 00:00:00,USA,Public Service Company of New Mexico,US-SW-PNM,296.69,346.37,56.34,54.54,Electricity Maps Estimation; eia.gov,"Electricity Maps (2025). USA 2024 Yearly Carbon Intensity Data (Version January 27, 2025). Electricity Maps. https://www.electricitymaps.com"
2024-01-01 00:00:00,Australia,Victoria,AU-VIC,448.51,496.28,39.72,39.72,Electricity Maps Estimation; opennem.org.au,"Electricity Maps (2025). Australia 2024 Yearly Carbon Intensity Data (Version January 27, 2025). Electricity Maps. https://www.electricitymaps.com"
2024-01-01 00:00:00,USA,Midcontinent ISO,US-MIDW-MISO,417.07,485.4,34.93,19.74,Electricity Maps Estimation; eia.gov,"Electricity Maps (2025). USA 2024 Yearly Carbon Intensity Data (Version January 27, 2025). Electricity Maps. https://www.electricitymaps.com"
2024-01-01 00:00:00,USA,Western Area Power Administration - Desert Southwest Region,US-SW-WALC,262.53,321.05,51.91,42.97,eia.gov; Electricity Maps Estimation,"Electricity Maps (2025). USA 2024 Yearly Carbon Intensity Data (Version January 27, 2025). Electricity Maps. https://www.electricitymaps.com"
2024-01-01 00:00:00,Latvia,Latvia,LV,131.51,183.04,73.25,67.21,entsoe.eu,"Electricity Maps (2025). Latvia 2024 Yearly Carbon Intensity Data (Version January 27, 2025). Electricity Maps. https://www.electricitymaps.com"
2024-01-01 00:00:00,Uzbekistan,Uzbekistan,UZ,364.77,471.7,9.85,9.85,Electricity Maps Estimation,"Electricity Maps (2025). Uzbekistan 2024 Yearly Carbon Intensity Data (Version January 27, 2025). Electricity Maps. https://www.electricitymaps.com"
2024-01-01 00:00:00,Greenland,Greenland,GL,133.48,180.93,76.79,76.79,Electricity Maps Estimation,"Electricity Maps (2025). Greenland 2024 Yearly Carbon Intensity Data (Version January 27, 2025). Electricity Maps. https://www.electricitymaps.com"
2024-01-01 00:00:00,Nigeria,Nigeria,NG,277.71,373.76,24.94,24.94,niggrid.org; Electricity Maps Estimation,"Electricity Maps (2025). Nigeria 2024 Yearly Carbon Intensity Data (Version January 27, 2025). Electricity Maps. https://www.electricitymaps.com"
2024-01-01 00:00:00,Sierra Leone,Sierra Leone,SL,28.75,58.85,95.0,95.0,Electricity Maps Estimation,"Electricity Maps (2025). Sierra Leone 2024 Yearly Carbon Intensity Data (Version January 27, 2025). Electricity Maps. https://www.electricitymaps.com"
2024-01-01 00:00:00,Azerbaijan,Azerbaijan,AZ,345.05,459.48,6.98,6.85,Electricity Maps Estimation,"Electricity Maps (2025). Azerbaijan 2024 Yearly Carbon Intensity Data (Version January 27, 2025). Electricity Maps. https://www.electricitymaps.com"
2024-01-01 00:00:00,Panama,Panama,PA,103.03,166.93,73.13,73.13,sitr.cnd.com.pa; Electricity Maps Estimation; https://www.cnd.com.pa/,"Electricity Maps (2025). Panama 2024 Yearly Carbon Intensity Data (Version January 27, 2025). Electricity Maps. https://www.electricitymaps.com"
2024-01-01 00:00:00,Australia,South Australia,AU-SA,135.96,184.04,70.47,70.47,opennem.org.au; Electricity Maps Estimation,"Electricity Maps (2025). Australia 2024 Yearly Carbon Intensity Data (Version January 27, 2025). Electricity Maps. https://www.electricitymaps.com"
2024-01-01 00:00:00,Botswana,Botswana,BW,745.57,812.1,0.24,0.24,Electricity Maps Estimation,"Electricity Maps (2025). Botswana 2024 Yearly Carbon Intensity Data (Version January 27, 2025). Electricity Maps. https://www.electricitymaps.com"
2024-01-01 00:00:00,USA,City of Homestead,US-FLA-HST,280.25,372.59,26.37,7.97,Electricity Maps Estimation; eia.gov,"Electricity Maps (2025). USA 2024 Yearly Carbon Intensity Data (Version January 27, 2025). Electricity Maps. https://www.electricitymaps.com"
2024-01-01 00:00:00,Mozambique,Mozambique,MZ,59.21,100.62,84.05,84.05,Electricity Maps Estimation,"Electricity Maps (2025). Mozambique 2024 Yearly Carbon Intensity Data (Version January 27, 2025). Electricity Maps. https://www.electricitymaps.com"
2024-01-01 00:00:00,USA,Tennessee Valley Authority,US-TEN-TVA,314.62,375.99,49.15,13.33,eia.gov; Electricity Maps Estimation,"Electricity Maps (2025). USA 2024 Yearly Carbon Intensity Data (Version January 27, 2025). Electricity Maps. https://www.electricitymaps.com"
2024-01-01 00:00:00,USA,Idaho Power Company,US-NW-IPCO,253.94,306.13,60.15,59.78,Electricity Maps Estimation; eia.gov,"Electricity Maps (2025). USA 2024 Yearly Carbon Intensity Data (Version January 27, 2025). Electricity Maps. https://www.electricitymaps.com"
2024-01-01 00:00:00,Zimbabwe,Zimbabwe,ZW,235.64,273.14,68.99,68.99,Electricity Maps Estimation,"Electricity Maps (2025). Zimbabwe 2024 Yearly Carbon Intensity Data (Version January 27, 2025). Electricity Maps. https://www.electricitymaps.com"
2024-01-01 00:00:00,Bulgaria,Bulgaria,BG,314.19,350.13,64.62,27.13,Electricity Maps Estimation; eso.bg,"Electricity Maps (2025). Bulgaria 2024 Yearly Carbon Intensity Data (Version January 27, 2025). Electricity Maps. https://www.electricitymaps.com"
2024-01-01 00:00:00,Japan,Japan,JP,382.18,458.29,30.25,21.13,,"Electricity Maps (2025). Japan 2024 Yearly Carbon Intensity Data (Version January 27, 2025). Electricity Maps. https://www.electricitymaps.com"
2024-01-01 00:00:00,USA,Los Angeles Department of Water and Power,US-CAL-LDWP,311.6,375.29,46.04,39.15,eia.gov; Electricity Maps Estimation,"Electricity Maps (2025). USA 2024 Yearly Carbon Intensity Data (Version January 27, 2025). Electricity Maps. https://www.electricitymaps.com"
2024-01-01 00:00:00,Haiti,Haiti,HT,330.9,534.27,18.5,18.5,Electricity Maps Estimation,"Electricity Maps (2025). Haiti 2024 Yearly Carbon Intensity Data (Version January 27, 2025). Electricity Maps. https://www.electricitymaps.com"
2024-01-01 00:00:00,Slovenia,Slovenia,SI,207.72,233.59,76.69,49.44,Electricity Maps Estimation; entsoe.eu,"Electricity Maps (2025). Slovenia 2024 Yearly Carbon Intensity Data (Version January 27, 2025). Electricity Maps. https://www.electricitymaps.com"
2024-01-01 00:00:00,Cayman Islands,Cayman Islands,KY,558.54,681.25,2.86,2.86,Electricity Maps Estimation,"Electricity Maps (2025). Cayman Islands 2024 Yearly Carbon Intensity Data (Version January 27, 2025). Electricity Maps. https://www.electricitymaps.com"
2024-01-01 00:00:00,Brazil,Brazil,BR,57.45,91.48,90.01,87.73,,"Electricity Maps (2025). Brazil 2024 Yearly Carbon Intensity Data (Version January 27, 2025). Electricity Maps. https://www.electricitymaps.com"
2024-01-01 00:00:00,China,China,CN,480.48,533.46,35.2,30.54,Electricity Maps Estimation,"Electricity Maps (2025). China 2024 Yearly Carbon Intensity Data (Version January 27, 2025). Electricity Maps. https://www.electricitymaps.com"
2024-01-01 00:00:00,USA,Southwestern Power Administration,US-CENT-SPA,92.79,122.42,86.96,85.81,Electricity Maps Estimation; eia.gov,"Electricity Maps (2025). USA 2024 Yearly Carbon Intensity Data (Version January 27, 2025). Electricity Maps. https://www.electricitymaps.com"
2024-01-01 00:00:00,Spain,Ceuta,ES-CE,405.82,649.21,0.0,0.0,demanda.ree.es,"Electricity Maps (2025). Spain 2024 Yearly Carbon Intensity Data (Version January 27, 2025). Electricity Maps. https://www.electricitymaps.com"
2024-01-01 00:00:00,Sweden,South Central Sweden,SE-SE3,2.44,20.42,99.71,59.89,entsoe.eu; Electricity Maps Estimation,"Electricity Maps (2025). Sweden 2024 Yearly Carbon Intensity Data (Version January 27, 2025). Electricity Maps. https://www.electricitymaps.com"
2024-01-01 00:00:00,Macao,Macao,MO,228.8,395.3,41.96,41.96,Electricity Maps Estimation,"Electricity Maps (2025). Macao 2024 Yearly Carbon Intensity Data (Version January 27, 2025). Electricity Maps. https://www.electricitymaps.com"
2024-01-01 00:00:00,Lesotho,Lesotho,LS,0.0,24.0,100.0,100.0,EMBER + Electricity Maps Estimation; Electricity Maps Estimation,"Electricity Maps (2025). Lesotho 2024 Yearly Carbon Intensity Data (Version January 27, 2025). Electricity Maps. https://www.electricitymaps.com"
2024-01-01 00:00:00,Gibraltar,Gibraltar,GI,370.0,490.0,0.0,0.0,IEA + Electricity Maps Estimation; Electricity Maps Estimation,"Electricity Maps (2025). Gibraltar 2024 Yearly Carbon Intensity Data (Version January 27, 2025). Electricity Maps. https://www.electricitymaps.com"
2024-01-01 00:00:00,Italy,Sardinia,IT-SAR,448.33,523.87,34.02,33.89,Electricity Maps Estimation; entsoe.eu,"Electricity Maps (2025). Italy 2024 Yearly Carbon Intensity Data (Version January 27, 2025). Electricity Maps. https://www.electricitymaps.com"
2024-01-01 00:00:00,Canada,Ontario,CA-ON,60.84,90.97,83.6,33.3,Electricity Maps Estimation; ieso.ca,"Electricity Maps (2025). Canada 2024 Yearly Carbon Intensity Data (Version January 27, 2025). Electricity Maps. https://www.electricitymaps.com"
2024-01-01 00:00:00,Philippines,Mindanao,PH-MI,501.73,562.75,31.39,31.39,Electricity Maps Estimation; iemop.ph,"Electricity Maps (2025). Philippines 2024 Yearly Carbon Intensity Data (Version January 27, 2025). Electricity Maps. https://www.electricitymaps.com"
2024-01-01 00:00:00,Philippines,Luzon,PH-LU,564.74,642.05,14.48,14.48,iemop.ph; Electricity Maps Estimation,"Electricity Maps (2025). Philippines 2024 Yearly Carbon Intensity Data (Version January 27, 2025). Electricity Maps. https://www.electricitymaps.com"
2024-01-01 00:00:00,USA,Tampa Electric Company,US-FLA-TEC,358.46,468.38,9.87,9.42,Electricity Maps Estimation; eia.gov,"Electricity Maps (2025). USA 2024 Yearly Carbon Intensity Data (Version January 27, 2025). Electricity Maps. https://www.electricitymaps.com"
2024-01-01 00:00:00,Pakistan,Pakistan,PK,288.84,379.97,40.32,24.74,Electricity Maps Estimation,"Electricity Maps (2025). Pakistan 2024 Yearly Carbon Intensity Data (Version January 27, 2025). Electricity Maps. https://www.electricitymaps.com"
2024-01-01 00:00:00,Canada,Canada,CA,87.85,132.11,79.22,66.29,,"Electricity Maps (2025). Canada 2024 Yearly Carbon Intensity Data (Version January 27, 2025). Electricity Maps. https://www.electricitymaps.com"
2024-01-01 00:00:00,Zambia,Zambia,ZM,89.52,118.66,88.22,88.22,Electricity Maps Estimation,"Electricity Maps (2025). Zambia 2024 Yearly Carbon Intensity Data (Version January 27, 2025). Electricity Maps. https://www.electricitymaps.com"
2024-01-01 00:00:00,Japan,Kansai,JP-KN,299.17,361.01,45.4,16.45,Electricity Maps Estimation,"Electricity Maps (2025). Japan 2024 Yearly Carbon Intensity Data (Version January 27, 2025). Electricity Maps. https://www.electricitymaps.com"
2024-01-01 00:00:00,Timor-Leste,Timor-Leste,TL,405.5,649.28,0.12,0.12,Electricity Maps Estimation,"Electricity Maps (2025). Timor-Leste 2024 Yearly Carbon Intensity Data (Version January 27, 2025). Electricity Maps. https://www.electricitymaps.com"
2024-01-01 00:00:00,French Guiana,French Guiana,GF,241.45,408.79,40.53,40.53,opendata-guyane.edf.fr; Electricity Maps Estimation,"Electricity Maps (2025). French Guiana 2024 Yearly Carbon Intensity Data (Version January 27, 2025). Electricity Maps. https://www.electricitymaps.com"
2024-01-01 00:00:00,Denmark,Denmark,DK,74.72,123.59,87.11,80.11,entsoe.eu,"Electricity Maps (2025). Denmark 2024 Yearly Carbon Intensity Data (Version January 27, 2025). Electricity Maps. https://www.electricitymaps.com"
2024-01-01 00:00:00,South Georgia and the South Sandwich Islands,South Georgia and the South Sandwich Islands,GS,0.0,23.83,100.0,100.0,Electricity Maps Estimation; IRENA + Electricity Maps Estimation,"Electricity Maps (2025). South Georgia and the South Sandwich Islands 2024 Yearly Carbon Intensity Data (Version January 27, 2025). Electricity Maps. https://www.electricitymaps.com"
2024-01-01 00:00:00,Faroe Islands,Faroe Islands,FO,281.04,398.18,56.16,56.16,sev.fo,"Electricity Maps (2025). Faroe Islands 2024 Yearly Carbon Intensity Data (Version January 27, 2025). Electricity Maps. https://www.electricitymaps.com"
2024-01-01 00:00:00,Mauritius,Mauritius,MU,439.89,604.5,19.16,19.16,Electricity Maps Estimation,"Electricity Maps (2025). Mauritius 2024 Yearly Carbon Intensity Data (Version January 27, 2025). Electricity Maps. https://www.electricitymaps.com"
2024-01-01 00:00:00,Japan,Shikoku,JP-SK,417.47,369.82,26.81,16.97,occtonet.or.jp; Electricity Maps Estimation;  www.yonden.co.jp; occto.or.jp,"Electricity Maps (2025). Japan 2024 Yearly Carbon Intensity Data (Version January 27, 2025). Electricity Maps. https://www.electricitymaps.com"
2024-01-01 00:00:00,Bahrain,Bahrain,BH,368.24,487.88,0.48,0.48,Electricity Maps Estimation,"Electricity Maps (2025). Bahrain 2024 Yearly Carbon Intensity Data (Version January 27, 2025). Electricity Maps. https://www.electricitymaps.com"
2024-01-01 00:00:00,Romania,Romania,RO,281.79,321.35,65.74,42.39,entsoe.eu,"Electricity Maps (2025). Romania 2024 Yearly Carbon Intensity Data (Version January 27, 2025). Electricity Maps. https://www.electricitymaps.com"
2024-01-01 00:00:00,USA,South Carolina Public Service Authority,US-CAR-SC,578.74,660.97,24.94,7.3,eia.gov; Electricity Maps Estimation,"Electricity Maps (2025). USA 2024 Yearly Carbon Intensity Data (Version January 27, 2025). Electricity Maps. https://www.electricitymaps.com"
2024-01-01 00:00:00,United Arab Emirates,United Arab Emirates,AE,285.44,382.92,23.05,5.51,Electricity Maps Estimation,"Electricity Maps (2025). United Arab Emirates 2024 Yearly Carbon Intensity Data (Version January 27, 2025). Electricity Maps. https://www.electricitymaps.com"
2024-01-01 00:00:00,Honduras,Honduras,HN,214.04,343.25,50.53,50.53,Electricity Maps Estimation; ods.org.hn,"Electricity Maps (2025). Honduras 2024 Yearly Carbon Intensity Data (Version January 27, 2025). Electricity Maps. https://www.electricitymaps.com"
2024-01-01 00:00:00,Iran,Iran,IR,353.54,484.09,6.04,3.85,Electricity Maps Estimation,"Electricity Maps (2025). Iran 2024 Yearly Carbon Intensity Data (Version January 27, 2025). Electricity Maps. https://www.electricitymaps.com"
2024-01-01 00:00:00,South Sudan,South Sudan,SS,370.13,596.54,8.84,8.84,Electricity Maps Estimation,"Electricity Maps (2025). South Sudan 2024 Yearly Carbon Intensity Data (Version January 27, 2025). Electricity Maps. https://www.electricitymaps.com"
2024-01-01 00:00:00,Spain,El Hierro,ES-CN-HI,371.89,503.73,48.21,48.21,demanda.ree.es,"Electricity Maps (2025). Spain 2024 Yearly Carbon Intensity Data (Version January 27, 2025). Electricity Maps. https://www.electricitymaps.com"
2024-01-01 00:00:00,São Tomé and Príncipe,São Tomé and Príncipe,ST,388.43,622.91,4.33,4.33,Electricity Maps Estimation,"Electricity Maps (2025). São Tomé and Príncipe 2024 Yearly Carbon Intensity Data (Version January 27, 2025). Electricity Maps. https://www.electricitymaps.com"
2024-01-01 00:00:00,Paraguay,Paraguay,PY,0.01,25.36,100.0,100.0,Electricity Maps Estimation,"Electricity Maps (2025). Paraguay 2024 Yearly Carbon Intensity Data (Version January 27, 2025). Electricity Maps. https://www.electricitymaps.com"
2024-01-01 00:00:00,Bolivia,Bolivia,BO,379.61,333.32,33.98,33.98,Electricity Maps Estimation; cndc.bo,"Electricity Maps (2025). Bolivia 2024 Yearly Carbon Intensity Data (Version January 27, 2025). Electricity Maps. https://www.electricitymaps.com"
2024-01-01 00:00:00,Estonia,Estonia,EE,241.94,291.52,69.76,54.88,entsoe.eu,"Electricity Maps (2025). Estonia 2024 Yearly Carbon Intensity Data (Version January 27, 2025). Electricity Maps. https://www.electricitymaps.com"
2024-01-01 00:00:00,Mauritania,Mauritania,MR,402.5,497.71,30.0,30.0,Electricity Maps Estimation,"Electricity Maps (2025). Mauritania 2024 Yearly Carbon Intensity Data (Version January 27, 2025). Electricity Maps. https://www.electricitymaps.com"
2024-01-01 00:00:00,Canada,Manitoba,CA-MB,25.53,52.89,95.71,94.32,Electricity Maps Estimation,"Electricity Maps (2025). Canada 2024 Yearly Carbon Intensity Data (Version January 27, 2025). Electricity Maps. https://www.electricitymaps.com"
2024-01-01 00:00:00,Samoa,Samoa,WS,393.42,488.74,31.58,31.58,Electricity Maps Estimation,"Electricity Maps (2025). Samoa 2024 Yearly Carbon Intensity Data (Version January 27, 2025). Electricity Maps. https://www.electricitymaps.com"
2024-01-01 00:00:00,Guatemala,Guatemala,GT,289.71,370.3,54.79,54.79,wl12.amm.org.gt; Electricity Maps Estimation; amm.org.gt,"Electricity Maps (2025). Guatemala 2024 Yearly Carbon Intensity Data (Version January 27, 2025). Electricity Maps. https://www.electricitymaps.com"
2024-01-01 00:00:00,Madagascar,Madagascar,MG,340.96,475.34,33.81,33.81,Electricity Maps Estimation,"Electricity Maps (2025). Madagascar 2024 Yearly Carbon Intensity Data (Version January 27, 2025). Electricity Maps. https://www.electricitymaps.com"
2024-01-01 00:00:00,Gabon,Gabon,GA,197.31,293.47,48.39,48.39,Electricity Maps Estimation,"Electricity Maps (2025). Gabon 2024 Yearly Carbon Intensity Data (Version January 27, 2025). Electricity Maps. https://www.electricitymaps.com"
2024-01-01 00:00:00,Spain,Melilla,ES-ML,376.14,618.95,7.34,7.34,demanda.ree.es,"Electricity Maps (2025). Spain 2024 Yearly Carbon Intensity Data (Version January 27, 2025). Electricity Maps. https://www.electricitymaps.com"
2024-01-01 00:00:00,Saudi Arabia,Saudi Arabia,SA,382.58,553.04,0.6,0.6,Electricity Maps Estimation,"Electricity Maps (2025). Saudi Arabia 2024 Yearly Carbon Intensity Data (Version January 27, 2025). Electricity Maps. https://www.electricitymaps.com"
2024-01-01 00:00:00,Aruba,Aruba,AW,351.26,563.8,13.52,13.52,Electricity Maps Estimation; webaruba.com,"Electricity Maps (2025). Aruba 2024 Yearly Carbon Intensity Data (Version January 27, 2025). Electricity Maps. https://www.electricitymaps.com"
2024-01-01 00:00:00,Central African Republic,Central African Republic,CF,0.0,24.0,100.0,100.0,Electricity Maps Estimation; EMBER + Electricity Maps Estimation,"Electricity Maps (2025). Central African Republic 2024 Yearly Carbon Intensity Data (Version January 27, 2025). Electricity Maps. https://www.electricitymaps.com"
2024-01-01 00:00:00,Poland,Poland,PL,643.02,703.49,32.6,31.38,entsoe.eu,"Electricity Maps (2025). Poland 2024 Yearly Carbon Intensity Data (Version January 27, 2025). Electricity Maps. https://www.electricitymaps.com"
2024-01-01 00:00:00,Jamaica,Jamaica,JM,337.67,487.09,11.91,11.91,Electricity Maps Estimation,"Electricity Maps (2025). Jamaica 2024 Yearly Carbon Intensity Data (Version January 27, 2025). Electricity Maps. https://www.electricitymaps.com"
2024-01-01 00:00:00,Belize,Belize,BZ,119.04,276.47,79.3,79.3,Electricity Maps Estimation,"Electricity Maps (2025). Belize 2024 Yearly Carbon Intensity Data (Version January 27, 2025). Electricity Maps. https://www.electricitymaps.com"
2024-01-01 00:00:00,USA,Gainesville Regional Utilities,US-FLA-GVL,457.22,573.59,3.81,1.31,eia.gov; Electricity Maps Estimation,"Electricity Maps (2025). USA 2024 Yearly Carbon Intensity Data (Version January 27, 2025). Electricity Maps. https://www.electricitymaps.com"
2024-01-01 00:00:00,Japan,Okinawa,JP-ON,492.46,593.34,10.0,10.0,Electricity Maps Estimation,"Electricity Maps (2025). Japan 2024 Yearly Carbon Intensity Data (Version January 27, 2025). Electricity Maps. https://www.electricitymaps.com"
2024-01-01 00:00:00,Spain,Isla de la Gomera,ES-CN-IG,641.1,861.68,10.12,10.12,demanda.ree.es,"Electricity Maps (2025). Spain 2024 Yearly Carbon Intensity Data (Version January 27, 2025). Electricity Maps. https://www.electricitymaps.com"
2024-01-01 00:00:00,Italy,Central South Italy,IT-CSO,231.99,301.68,52.61,51.13,Electricity Maps Estimation; entsoe.eu,"Electricity Maps (2025). Italy 2024 Yearly Carbon Intensity Data (Version January 27, 2025). Electricity Maps. https://www.electricitymaps.com"
2024-01-01 00:00:00,USA,New York ISO,US-NY-NYIS,226.91,297.49,47.56,24.49,nyiso.com; Electricity Maps Estimation,"Electricity Maps (2025). USA 2024 Yearly Carbon Intensity Data (Version January 27, 2025). Electricity Maps. https://www.electricitymaps.com"
2024-01-01 00:00:00,USA,Southeast Alaska Power Agency,US-AK-SEAPA,1.97,27.03,99.52,99.52,Electricity Maps Estimation; seapahydro.org,"Electricity Maps (2025). USA 2024 Yearly Carbon Intensity Data (Version January 27, 2025). Electricity Maps. https://www.electricitymaps.com"
2024-01-01 00:00:00,Denmark,Bornholm,DK-BHM,3.5,58.53,99.6,89.63,Electricity Maps Estimation; bornholm.powerlab.dk,"Electricity Maps (2025). Denmark 2024 Yearly Carbon Intensity Data (Version January 27, 2025). Electricity Maps. https://www.electricitymaps.com"
2024-01-01 00:00:00,USA,Tucson Electric Power Company,US-SW-TEPC,511.41,596.46,22.4,19.21,eia.gov; Electricity Maps Estimation,"Electricity Maps (2025). USA 2024 Yearly Carbon Intensity Data (Version January 27, 2025). Electricity Maps. https://www.electricitymaps.com"
2024-01-01 00:00:00,USA,City of Tallahassee,US-FLA-TAL,351.41,461.54,8.5,3.98,eia.gov,"Electricity Maps (2025). USA 2024 Yearly Carbon Intensity Data (Version January 27, 2025). Electricity Maps. https://www.electricitymaps.com"
2024-01-01 00:00:00,France,France,FR,18.4,33.44,95.95,28.57,opendata.reseaux-energies.fr; Electricity Maps Estimation,"Electricity Maps (2025). France 2024 Yearly Carbon Intensity Data (Version January 27, 2025). Electricity Maps. https://www.electricitymaps.com"
2024-01-01 00:00:00,Italy,South Italy,IT-SO,215.9,299.23,50.11,49.91,entsoe.eu; Electricity Maps Estimation,"Electricity Maps (2025). Italy 2024 Yearly Carbon Intensity Data (Version January 27, 2025). Electricity Maps. https://www.electricitymaps.com"
2024-01-01 00:00:00,Chad,Chad,TD,398.04,637.48,1.96,1.96,Electricity Maps Estimation,"Electricity Maps (2025). Chad 2024 Yearly Carbon Intensity Data (Version January 27, 2025). Electricity Maps. https://www.electricitymaps.com"
2024-01-01 00:00:00,Guinea,Guinea,GN,196.19,254.78,65.88,65.88,Electricity Maps Estimation,"Electricity Maps (2025). Guinea 2024 Yearly Carbon Intensity Data (Version January 27, 2025). Electricity Maps. https://www.electricitymaps.com"
2024-01-01 00:00:00,Niger,Niger,NE,471.33,660.87,2.95,2.95,Electricity Maps Estimation,"Electricity Maps (2025). Niger 2024 Yearly Carbon Intensity Data (Version January 27, 2025). Electricity Maps. https://www.electricitymaps.com"
2024-01-01 00:00:00,Canada,Nunavut,CA-NU,405.28,648.92,0.18,0.18,Electricity Maps Estimation,"Electricity Maps (2025). Canada 2024 Yearly Carbon Intensity Data (Version January 27, 2025). Electricity Maps. https://www.electricitymaps.com"
2024-01-01 00:00:00,Russia,Siberia,RU-2,280.08,390.92,51.45,51.15,so-ups.ru,"Electricity Maps (2025). Russia 2024 Yearly Carbon Intensity Data (Version January 27, 2025). Electricity Maps. https://www.electricitymaps.com"
2024-01-01 00:00:00,Lithuania,Lithuania,LT,121.6,168.31,81.5,70.64,entsoe.eu; Electricity Maps Estimation,"Electricity Maps (2025). Lithuania 2024 Yearly Carbon Intensity Data (Version January 27, 2025). Electricity Maps. https://www.electricitymaps.com"
2024-01-01 00:00:00,Vanuatu,Vanuatu,VU,431.6,533.98,24.94,24.94,Electricity Maps Estimation; EMBER + Electricity Maps Estimation,"Electricity Maps (2025). Vanuatu 2024 Yearly Carbon Intensity Data (Version January 27, 2025). Electricity Maps. https://www.electricitymaps.com"
2024-01-01 00:00:00,USA,Arizona Public Service Company,US-SW-AZPS,359.88,420.52,40.08,14.8,eia.gov; Electricity Maps Estimation,"Electricity Maps (2025). USA 2024 Yearly Carbon Intensity Data (Version January 27, 2025). Electricity Maps. https://www.electricitymaps.com"
2024-01-01 00:00:00,Chile,Sistema Eléctrico Nacional,CL-SEN,185.06,235.86,66.75,66.75,Electricity Maps Estimation; coordinador.cl,"Electricity Maps (2025). Chile 2024 Yearly Carbon Intensity Data (Version January 27, 2025). Electricity Maps. https://www.electricitymaps.com"
2024-01-01 00:00:00,Sweden,South Sweden,SE-SE4,13.99,39.52,98.38,70.43,entsoe.eu; Electricity Maps Estimation,"Electricity Maps (2025). Sweden 2024 Yearly Carbon Intensity Data (Version January 27, 2025). Electricity Maps. https://www.electricitymaps.com"
2024-01-01 00:00:00,Ivory Coast,Ivory Coast,CI,285.36,389.44,23.17,23.17,Electricity Maps Estimation,"Electricity Maps (2025). Ivory Coast 2024 Yearly Carbon Intensity Data (Version January 27, 2025). Electricity Maps. https://www.electricitymaps.com"
2024-01-01 00:00:00,USA,El Paso Electric Company,US-SW-EPE,446.15,536.99,24.37,23.42,eia.gov; Electricity Maps Estimation,"Electricity Maps (2025). USA 2024 Yearly Carbon Intensity Data (Version January 27, 2025). Electricity Maps. https://www.electricitymaps.com"
2024-01-01 00:00:00,Senegal,Senegal,SN,376.02,576.62,14.45,14.45,Electricity Maps Estimation,"Electricity Maps (2025). Senegal 2024 Yearly Carbon Intensity Data (Version January 27, 2025). Electricity Maps. https://www.electricitymaps.com"
2024-01-01 00:00:00,India,Southern India,IN-SO,499.67,549.08,33.95,27.84,Electricity Maps Estimation,"Electricity Maps (2025). India 2024 Yearly Carbon Intensity Data (Version January 27, 2025). Electricity Maps. https://www.electricitymaps.com"
2024-01-01 00:00:00,Åland Islands,Åland Islands,AX,2.96,18.89,99.58,81.32,Electricity Maps Estimation; kraftnat.ax,"Electricity Maps (2025). Åland Islands 2024 Yearly Carbon Intensity Data (Version January 27, 2025). Electricity Maps. https://www.electricitymaps.com"
2024-01-01 00:00:00,Canada,Saskatchewan,CA-SK,404.58,487.75,22.37,22.37,Electricity Maps Estimation,"Electricity Maps (2025). Canada 2024 Yearly Carbon Intensity Data (Version January 27, 2025). Electricity Maps. https://www.electricitymaps.com"
2024-01-01 00:00:00,Armenia,Armenia,AM,160.79,223.98,56.56,26.74,Electricity Maps Estimation,"Electricity Maps (2025). Armenia 2024 Yearly Carbon Intensity Data (Version January 27, 2025). Electricity Maps. https://www.electricitymaps.com"
2024-01-01 00:00:00,Philippines,Visayas,PH-VI,523.43,594.2,26.47,26.47,Electricity Maps Estimation; iemop.ph,"Electricity Maps (2025). Philippines 2024 Yearly Carbon Intensity Data (Version January 27, 2025). Electricity Maps. https://www.electricitymaps.com"
2024-01-01 00:00:00,Nepal,Nepal,NP,45.13,71.51,94.03,93.99,Electricity Maps Estimation,"Electricity Maps (2025). Nepal 2024 Yearly Carbon Intensity Data (Version January 27, 2025). Electricity Maps. https://www.electricitymaps.com"
2024-01-01 00:00:00,Laos,Laos,LA,181.38,214.15,76.13,76.13,Electricity Maps Estimation,"Electricity Maps (2025). Laos 2024 Yearly Carbon Intensity Data (Version January 27, 2025). Electricity Maps. https://www.electricitymaps.com"
2024-01-01 00:00:00,Japan,Hokkaidō,JP-HKD,375.11,464.86,31.44,31.44,Electricity Maps Estimation,"Electricity Maps (2025). Japan 2024 Yearly Carbon Intensity Data (Version January 27, 2025). Electricity Maps. https://www.electricitymaps.com"
2024-01-01 00:00:00,Denmark,East Denmark,DK-DK2,71.56,130.72,88.16,76.84,entsoe.eu; Electricity Maps Estimation,"Electricity Maps (2025). Denmark 2024 Yearly Carbon Intensity Data (Version January 27, 2025). Electricity Maps. https://www.electricitymaps.com"
2024-01-01 00:00:00,USA,Seminole Electric Cooperative,US-FLA-SEC,475.06,590.95,0.27,0.22,Electricity Maps Estimation; eia.gov,"Electricity Maps (2025). USA 2024 Yearly Carbon Intensity Data (Version January 27, 2025). Electricity Maps. https://www.electricitymaps.com"
2024-01-01 00:00:00,USA,South Carolina Electric & Gas Company,US-CAR-SCEG,376.19,455.96,32.4,10.4,Electricity Maps Estimation; eia.gov,"Electricity Maps (2025). USA 2024 Yearly Carbon Intensity Data (Version January 27, 2025). Electricity Maps. https://www.electricitymaps.com"
2024-01-01 00:00:00,Vietnam,Vietnam,VN,345.69,397.95,49.03,49.03,Electricity Maps Estimation,"Electricity Maps (2025). Vietnam 2024 Yearly Carbon Intensity Data (Version January 27, 2025). Electricity Maps. https://www.electricitymaps.com"
2024-01-01 00:00:00,Guam,Guam,GU,545.48,666.38,5.13,5.13,Electricity Maps Estimation,"Electricity Maps (2025). Guam 2024 Yearly Carbon Intensity Data (Version January 27, 2025). Electricity Maps. https://www.electricitymaps.com"
2024-01-01 00:00:00,Finland,Finland,FI,43.35,75.71,93.11,55.54,entsoe.eu; Electricity Maps Estimation,"Electricity Maps (2025). Finland 2024 Yearly Carbon Intensity Data (Version January 27, 2025). Electricity Maps. https://www.electricitymaps.com"
2024-01-01 00:00:00,Italy,Italy,IT,210.41,273.86,56.59,48.48,,"Electricity Maps (2025). Italy 2024 Yearly Carbon Intensity Data (Version January 27, 2025). Electricity Maps. https://www.electricitymaps.com"
2024-01-01 00:00:00,Kenya,Kenya,KE,41.72,96.95,89.73,89.73,Electricity Maps Estimation,"Electricity Maps (2025). Kenya 2024 Yearly Carbon Intensity Data (Version January 27, 2025). Electricity Maps. https://www.electricitymaps.com"
2024-01-01 00:00:00,Brunei,Brunei,BN,459.11,566.34,0.11,0.11,Electricity Maps Estimation,"Electricity Maps (2025). Brunei 2024 Yearly Carbon Intensity Data (Version January 27, 2025). Electricity Maps. https://www.electricitymaps.com"
2024-01-01 00:00:00,Costa Rica,Costa Rica,CR,44.29,94.08,89.09,89.09,Electricity Maps Estimation; grupoice.com,"Electricity Maps (2025). Costa Rica 2024 Yearly Carbon Intensity Data (Version January 27, 2025). Electricity Maps. https://www.electricitymaps.com"
2024-01-01 00:00:00,North Korea,North Korea,KP,273.77,315.12,62.97,62.97,Electricity Maps Estimation,"Electricity Maps (2025). North Korea 2024 Yearly Carbon Intensity Data (Version January 27, 2025). Electricity Maps. https://www.electricitymaps.com"
2024-01-01 00:00:00,Congo,Congo,CG,288.73,394.3,22.53,22.53,Electricity Maps Estimation,"Electricity Maps (2025). Congo 2024 Yearly Carbon Intensity Data (Version January 27, 2025). Electricity Maps. https://www.electricitymaps.com"
2024-01-01 00:00:00,Saint Pierre and Miquelon,Saint Pierre and Miquelon,PM,575.0,700.0,0.0,0.0,Electricity Maps Estimation; EMBER + Electricity Maps Estimation,"Electricity Maps (2025). Saint Pierre and Miquelon 2024 Yearly Carbon Intensity Data (Version January 27, 2025). Electricity Maps. https://www.electricitymaps.com"
2024-01-01 00:00:00,Malaysia,Borneo,MY-EM,321.0,385.43,44.34,44.34,Electricity Maps Estimation,"Electricity Maps (2025). Malaysia 2024 Yearly Carbon Intensity Data (Version January 27, 2025). Electricity Maps. https://www.electricitymaps.com"
2024-01-01 00:00:00,Dominica,Dominica,DM,439.71,540.94,23.53,23.53,Electricity Maps Estimation,"Electricity Maps (2025). Dominica 2024 Yearly Carbon Intensity Data (Version January 27, 2025). Electricity Maps. https://www.electricitymaps.com"
2024-01-01 00:00:00,Tajikistan,Tajikistan,TJ,46.62,73.84,93.2,93.2,Electricity Maps Estimation,"Electricity Maps (2025). Tajikistan 2024 Yearly Carbon Intensity Data (Version January 27, 2025). Electricity Maps. https://www.electricitymaps.com"
2024-01-01 00:00:00,USA,Douglas County,US-NW-DOPD,8.89,33.62,98.5,97.69,eia.gov,"Electricity Maps (2025). USA 2024 Yearly Carbon Intensity Data (Version January 27, 2025). Electricity Maps. https://www.electricitymaps.com"
2024-01-01 00:00:00,Bhutan,Bhutan,BT,30.02,55.45,96.04,96.0,Electricity Maps Estimation,"Electricity Maps (2025). Bhutan 2024 Yearly Carbon Intensity Data (Version January 27, 2025). Electricity Maps. https://www.electricitymaps.com"
2024-01-01 00:00:00,Switzerland,Switzerland,CH,18.63,40.76,97.14,59.27,Electricity Maps Estimation,"Electricity Maps (2025). Switzerland 2024 Yearly Carbon Intensity Data (Version January 27, 2025). Electricity Maps. https://www.electricitymaps.com"
2024-01-01 00:00:00,Serbia,Serbia,RS,465.33,511.22,37.81,34.85,Electricity Maps Estimation; entsoe.eu,"Electricity Maps (2025). Serbia 2024 Yearly Carbon Intensity Data (Version January 27, 2025). Electricity Maps. https://www.electricitymaps.com"
2024-01-01 00:00:00,Croatia,Croatia,HR,195.85,228.0,71.27,59.42,entsoe.eu; Electricity Maps Estimation,"Electricity Maps (2025). Croatia 2024 Yearly Carbon Intensity Data (Version January 27, 2025). Electricity Maps. https://www.electricitymaps.com"
2024-01-01 00:00:00,Mainland India,Mainland India,IN,605.69,660.85,19.26,16.06,,"Electricity Maps (2025). Mainland India 2024 Yearly Carbon Intensity Data (Version January 27, 2025). Electricity Maps. https://www.electricitymaps.com"
2024-01-01 00:00:00,USA,Duke Energy Progress East,US-CAR-CPLE,278.59,340.82,54.79,9.21,Electricity Maps Estimation; eia.gov,"Electricity Maps (2025). USA 2024 Yearly Carbon Intensity Data (Version January 27, 2025). Electricity Maps. https://www.electricitymaps.com"
2024-01-01 00:00:00,Somalia,Somalia,SO,509.74,624.76,11.35,11.35,Electricity Maps Estimation,"Electricity Maps (2025). Somalia 2024 Yearly Carbon Intensity Data (Version January 27, 2025). Electricity Maps. https://www.electricitymaps.com"
2024-01-01 00:00:00,Canada,Northwest Territories,CA-NT,56.66,104.54,85.54,85.54,Electricity Maps Estimation,"Electricity Maps (2025). Canada 2024 Yearly Carbon Intensity Data (Version January 27, 2025). Electricity Maps. https://www.electricitymaps.com"
2024-01-01 00:00:00,India,North Eastern India,IN-NE,352.8,424.14,33.97,33.91,Electricity Maps Estimation,"Electricity Maps (2025). India 2024 Yearly Carbon Intensity Data (Version January 27, 2025). Electricity Maps. https://www.electricitymaps.com"
2024-01-01 00:00:00,Italy,Sicily,IT-SIC,237.79,315.33,47.66,47.58,entsoe.eu; Electricity Maps Estimation,"Electricity Maps (2025). Italy 2024 Yearly Carbon Intensity Data (Version January 27, 2025). Electricity Maps. https://www.electricitymaps.com"
2024-01-01 00:00:00,Uruguay,Uruguay,UY,3.62,52.53,99.12,99.11,Electricity Maps Estimation; pronos.adme.com.uy,"Electricity Maps (2025). Uruguay 2024 Yearly Carbon Intensity Data (Version January 27, 2025). Electricity Maps. https://www.electricitymaps.com"
2024-01-01 00:00:00,Luxembourg,Luxembourg,LU,189.98,251.5,74.14,63.7,Electricity Maps Estimation; entsoe.eu,"Electricity Maps (2025). Luxembourg 2024 Yearly Carbon Intensity Data (Version January 27, 2025). Electricity Maps. https://www.electricitymaps.com"
2024-01-01 00:00:00,Oman,Oman,OM,358.2,478.82,3.44,3.44,Electricity Maps Estimation,"Electricity Maps (2025). Oman 2024 Yearly Carbon Intensity Data (Version January 27, 2025). Electricity Maps. https://www.electricitymaps.com"
2024-01-01 00:00:00,USA,Public Service Company of Colorado,US-NW-PSCO,401.7,456.21,43.77,43.67,Electricity Maps Estimation; eia.gov,"Electricity Maps (2025). USA 2024 Yearly Carbon Intensity Data (Version January 27, 2025). Electricity Maps. https://www.electricitymaps.com"
2024-01-01 00:00:00,Bosnia and Herzegovina,Bosnia and Herzegovina,BA,442.69,482.98,42.14,39.71,Electricity Maps Estimation; entsoe.eu,"Electricity Maps (2025). Bosnia and Herzegovina 2024 Yearly Carbon Intensity Data (Version January 27, 2025). Electricity Maps. https://www.electricitymaps.com"
2024-01-01 00:00:00,Palau,Palau,PW,377.88,608.09,6.93,6.93,Electricity Maps Estimation,"Electricity Maps (2025). Palau 2024 Yearly Carbon Intensity Data (Version January 27, 2025). Electricity Maps. https://www.electricitymaps.com"
2024-01-01 00:00:00,Albania,Albania,AL,82.37,103.61,87.58,87.13,Electricity Maps Estimation,"Electricity Maps (2025). Albania 2024 Yearly Carbon Intensity Data (Version January 27, 2025). Electricity Maps. https://www.electricitymaps.com"
2024-01-01 00:00:00,Eswatini,Eswatini,SZ,18.6,105.91,97.55,97.55,Electricity Maps Estimation,"Electricity Maps (2025). Eswatini 2024 Yearly Carbon Intensity Data (Version January 27, 2025). Electricity Maps. https://www.electricitymaps.com"
2024-01-01 00:00:00,Japan,Tōhoku,JP-TH,395.93,480.58,27.62,27.62,Electricity Maps Estimation,"Electricity Maps (2025). Japan 2024 Yearly Carbon Intensity Data (Version January 27, 2025). Electricity Maps. https://www.electricitymaps.com"
2024-01-01 00:00:00,USA,Pacificorp East,US-NW-PACE,551.84,608.94,33.38,32.75,Electricity Maps Estimation; eia.gov,"Electricity Maps (2025). USA 2024 Yearly Carbon Intensity Data (Version January 27, 2025). Electricity Maps. https://www.electricitymaps.com"
2024-01-01 00:00:00,Brazil,North-East Brazil,BR-NE,21.32,44.7,96.29,96.25,Electricity Maps Estimation; ons.org.br,"Electricity Maps (2025). Brazil 2024 Yearly Carbon Intensity Data (Version January 27, 2025). Electricity Maps. https://www.electricitymaps.com"
2024-01-01 00:00:00,USA,Duke Energy Progress West,US-CAR-CPLW,394.35,478.84,17.06,7.16,eia.gov; Electricity Maps Estimation,"Electricity Maps (2025). USA 2024 Yearly Carbon Intensity Data (Version January 27, 2025). Electricity Maps. https://www.electricitymaps.com"
2024-01-01 00:00:00,Czechia,Czechia,CZ,439.39,480.57,56.02,19.81,ceps.cz,"Electricity Maps (2025). Czechia 2024 Yearly Carbon Intensity Data (Version January 27, 2025). Electricity Maps. https://www.electricitymaps.com"
2024-01-01 00:00:00,Great Britain,Orkney Islands,GB-ORK,463.13,62.41,91.08,86.52,Electricity Maps Estimation; ssen.co.uk,"Electricity Maps (2025). Great Britain 2024 Yearly Carbon Intensity Data (Version January 27, 2025). Electricity Maps. https://www.electricitymaps.com"
2024-01-01 00:00:00,Comoros,Comoros,KM,575.0,700.0,0.0,0.0,Electricity Maps Estimation,"Electricity Maps (2025). Comoros 2024 Yearly Carbon Intensity Data (Version January 27, 2025). Electricity Maps. https://www.electricitymaps.com"
2024-01-01 00:00:00,Burkina Faso,Burkina Faso,BF,350.66,576.59,13.63,13.63,Electricity Maps Estimation,"Electricity Maps (2025). Burkina Faso 2024 Yearly Carbon Intensity Data (Version January 27, 2025). Electricity Maps. https://www.electricitymaps.com"
2024-01-01 00:00:00,Japan,Chūbu,JP-CB,396.97,479.95,27.42,24.01,Electricity Maps Estimation,"Electricity Maps (2025). Japan 2024 Yearly Carbon Intensity Data (Version January 27, 2025). Electricity Maps. https://www.electricitymaps.com"
2024-01-01 00:00:00,Taiwan,Taiwan,TW,438.02,525.06,16.85,12.21,Electricity Maps Estimation; taipower.com.tw,"Electricity Maps (2025). Taiwan 2024 Yearly Carbon Intensity Data (Version January 27, 2025). Electricity Maps. https://www.electricitymaps.com"
2024-01-01 00:00:00,Liberia,Liberia,LR,173.27,227.71,69.87,69.87,Electricity Maps Estimation,"Electricity Maps (2025). Liberia 2024 Yearly Carbon Intensity Data (Version January 27, 2025). Electricity Maps. https://www.electricitymaps.com"
2024-01-01 00:00:00,Mongolia,Mongolia,MN,669.51,733.66,9.87,9.87,Electricity Maps Estimation,"Electricity Maps (2025). Mongolia 2024 Yearly Carbon Intensity Data (Version January 27, 2025). Electricity Maps. https://www.electricitymaps.com"
2024-01-01 00:00:00,Germany,Germany,DE,276.61,333.77,65.52,60.94,Electricity Maps Estimation; entsoe.eu,"Electricity Maps (2025). Germany 2024 Yearly Carbon Intensity Data (Version January 27, 2025). Electricity Maps. https://www.electricitymaps.com"
2024-01-01 00:00:00,Canada,Nova Scotia,CA-NS,342.46,396.29,48.88,47.14,Electricity Maps Estimation,"Electricity Maps (2025). Canada 2024 Yearly Carbon Intensity Data (Version January 27, 2025). Electricity Maps. https://www.electricitymaps.com"
2024-01-01 00:00:00,New Caledonia,New Caledonia,NC,549.89,631.93,17.5,17.5,Electricity Maps Estimation,"Electricity Maps (2025). New Caledonia 2024 Yearly Carbon Intensity Data (Version January 27, 2025). Electricity Maps. https://www.electricitymaps.com"
2024-01-01 00:00:00,Ghana,Ghana,GH,237.07,324.25,36.06,36.06,Electricity Maps Estimation,"Electricity Maps (2025). Ghana 2024 Yearly Carbon Intensity Data (Version January 27, 2025). Electricity Maps. https://www.electricitymaps.com"
2024-01-01 00:00:00,Spain,Tenerife,ES-CN-TE,562.46,763.09,19.01,19.01,demanda.ree.es,"Electricity Maps (2025). Spain 2024 Yearly Carbon Intensity Data (Version January 27, 2025). Electricity Maps. https://www.electricitymaps.com"
2024-01-01 00:00:00,USA,Western Area Power Administration - Upper Great Plains West,US-NW-WAUW,241.04,274.72,68.68,65.87,eia.gov; Electricity Maps Estimation,"Electricity Maps (2025). USA 2024 Yearly Carbon Intensity Data (Version January 27, 2025). Electricity Maps. https://www.electricitymaps.com"
2024-01-01 00:00:00,USA,Electric Reliability Council of Texas,US-TEX-ERCO,305.23,369.89,42.95,34.62,ercot.com; eia.gov,"Electricity Maps (2025). USA 2024 Yearly Carbon Intensity Data (Version January 27, 2025). Electricity Maps. https://www.electricitymaps.com"
2024-01-01 00:00:00,Hungary,Hungary,HU,202.58,242.7,71.74,29.67,entsoe.eu; Electricity Maps Estimation,"Electricity Maps (2025). Hungary 2024 Yearly Carbon Intensity Data (Version January 27, 2025). Electricity Maps. https://www.electricitymaps.com"
2024-01-01 00:00:00,Colombia,Colombia,CO,107.6,152.18,79.24,79.24,Electricity Maps Estimation,"Electricity Maps (2025). Colombia 2024 Yearly Carbon Intensity Data (Version January 27, 2025). Electricity Maps. https://www.electricitymaps.com"
2024-01-01 00:00:00,Australia,Flinders Island,AU-TAS-FI,158.09,260.15,61.26,61.26,https://www.hydro.com.au/clean-energy/hybrid-energy-solutions/success-stories/flinders-island; Electricity Maps Estimation; hydro.com.au,"Electricity Maps (2025). Australia 2024 Yearly Carbon Intensity Data (Version January 27, 2025). Electricity Maps. https://www.electricitymaps.com"
2024-01-01 00:00:00,Peru,Peru,PE,127.72,186.17,65.49,65.49,Electricity Maps Estimation; coes.org.pe,"Electricity Maps (2025). Peru 2024 Yearly Carbon Intensity Data (Version January 27, 2025). Electricity Maps. https://www.electricitymaps.com"
2024-01-01 00:00:00,Canada,British Columbia,CA-BC,25.29,70.34,94.11,93.08,Electricity Maps Estimation,"Electricity Maps (2025). Canada 2024 Yearly Carbon Intensity Data (Version January 27, 2025). Electricity Maps. https://www.electricitymaps.com"
2024-01-01 00:00:00,Bahamas,Bahamas,BS,575.0,700.0,0.0,0.0,Electricity Maps Estimation,"Electricity Maps (2025). Bahamas 2024 Yearly Carbon Intensity Data (Version January 27, 2025). Electricity Maps. https://www.electricitymaps.com"
2024-01-01 00:00:00,USA,Pacificorp West,US-NW-PACW,147.36,194.68,70.22,66.09,Electricity Maps Estimation; eia.gov,"Electricity Maps (2025). USA 2024 Yearly Carbon Intensity Data (Version January 27, 2025). Electricity Maps. https://www.electricitymaps.com"
2024-01-01 00:00:00,Sweden,North Central Sweden,SE-SE2,0.84,15.73,99.88,99.61,Electricity Maps Estimation; entsoe.eu,"Electricity Maps (2025). Sweden 2024 Yearly Carbon Intensity Data (Version January 27, 2025). Electricity Maps. https://www.electricitymaps.com"
2024-01-01 00:00:00,Spain,Lanzarote,ES-CN-LZ,605.19,827.84,9.28,9.28,demanda.ree.es,"Electricity Maps (2025). Spain 2024 Yearly Carbon Intensity Data (Version January 27, 2025). Electricity Maps. https://www.electricitymaps.com"
2024-01-01 00:00:00,Brazil,Central Brazil,BR-CS,65.54,102.1,88.6,84.67,ons.org.br; Electricity Maps Estimation,"Electricity Maps (2025). Brazil 2024 Yearly Carbon Intensity Data (Version January 27, 2025). Electricity Maps. https://www.electricitymaps.com"
2024-01-01 00:00:00,Turkmenistan,Turkmenistan,TM,369.94,489.93,0.02,0.02,Electricity Maps Estimation,"Electricity Maps (2025). Turkmenistan 2024 Yearly Carbon Intensity Data (Version January 27, 2025). Electricity Maps. https://www.electricitymaps.com"
2024-01-01 00:00:00,Netherlands,Netherlands,NL,199.15,262.93,58.0,54.21,ned.nl,"Electricity Maps (2025). Netherlands 2024 Yearly Carbon Intensity Data (Version January 27, 2025). Electricity Maps. https://www.electricitymaps.com"
2024-01-01 00:00:00,Djibouti,Djibouti,DJ,575.0,700.0,0.0,0.0,Electricity Maps Estimation,"Electricity Maps (2025). Djibouti 2024 Yearly Carbon Intensity Data (Version January 27, 2025). Electricity Maps. https://www.electricitymaps.com"
2024-01-01 00:00:00,Morocco,Morocco,MA,475.16,528.16,32.3,30.84,Electricity Maps Estimation,"Electricity Maps (2025). Morocco 2024 Yearly Carbon Intensity Data (Version January 27, 2025). Electricity Maps. https://www.electricitymaps.com"
2024-01-01 00:00:00,USA,Southwest Power Pool,US-CENT-SWPP,379.76,427.54,46.58,41.23,spp.org; Electricity Maps Estimation,"Electricity Maps (2025). USA 2024 Yearly Carbon Intensity Data (Version January 27, 2025). Electricity Maps. https://www.electricitymaps.com"
2024-01-01 00:00:00,Kuwait,Kuwait,KW,386.47,565.49,0.19,0.19,Electricity Maps Estimation,"Electricity Maps (2025). Kuwait 2024 Yearly Carbon Intensity Data (Version January 27, 2025). Electricity Maps. https://www.electricitymaps.com"
2024-01-01 00:00:00,Russia,East,RU-AS,369.6,449.39,36.05,35.97,so-ups.ru,"Electricity Maps (2025). Russia 2024 Yearly Carbon Intensity Data (Version January 27, 2025). Electricity Maps. https://www.electricitymaps.com"
2024-01-01 00:00:00,Singapore,Singapore,SG,366.37,484.76,4.25,4.25,Electricity Maps Estimation; emcsg.com;  ema.gov.sg,"Electricity Maps (2025). Singapore 2024 Yearly Carbon Intensity Data (Version January 27, 2025). Electricity Maps. https://www.electricitymaps.com"
2024-01-01 00:00:00,Mayotte,Mayotte,YT,352.83,570.77,13.09,13.09,Electricity Maps Estimation,"Electricity Maps (2025). Mayotte 2024 Yearly Carbon Intensity Data (Version January 27, 2025). Electricity Maps. https://www.electricitymaps.com"
2024-01-01 00:00:00,Cuba,Cuba,CU,384.71,606.67,4.06,4.06,Electricity Maps Estimation,"Electricity Maps (2025). Cuba 2024 Yearly Carbon Intensity Data (Version January 27, 2025). Electricity Maps. https://www.electricitymaps.com"
2024-01-01 00:00:00,Burundi,Burundi,BI,191.93,255.91,66.62,66.62,Electricity Maps Estimation,"Electricity Maps (2025). Burundi 2024 Yearly Carbon Intensity Data (Version January 27, 2025). Electricity Maps. https://www.electricitymaps.com"
2024-01-01 00:00:00,Norway,Southeast Norway,NO-NO1,2.84,26.66,99.51,94.3,Electricity Maps Estimation; entsoe.eu,"Electricity Maps (2025). Norway 2024 Yearly Carbon Intensity Data (Version January 27, 2025). Electricity Maps. https://www.electricitymaps.com"
2024-01-01 00:00:00,Iceland,Iceland,IS,0.0,28.16,100.0,100.0,amper.landsnet.is; Electricity Maps Estimation,"Electricity Maps (2025). Iceland 2024 Yearly Carbon Intensity Data (Version January 27, 2025). Electricity Maps. https://www.electricitymaps.com"
2024-01-01 00:00:00,Suriname,Suriname,SR,230.86,380.06,43.14,43.14,Electricity Maps Estimation,"Electricity Maps (2025). Suriname 2024 Yearly Carbon Intensity Data (Version January 27, 2025). Electricity Maps. https://www.electricitymaps.com"
2024-01-01 00:00:00,Spain,Menorca,ES-IB-ME,613.06,796.17,22.2,21.14,demanda.ree.es,"Electricity Maps (2025). Spain 2024 Yearly Carbon Intensity Data (Version January 27, 2025). Electricity Maps. https://www.electricitymaps.com"
2024-01-01 00:00:00,USA,Salt River Project,US-SW-SRP,244.93,304.8,52.34,7.88,Electricity Maps Estimation; eia.gov,"Electricity Maps (2025). USA 2024 Yearly Carbon Intensity Data (Version January 27, 2025). Electricity Maps. https://www.electricitymaps.com"
2024-01-01 00:00:00,Greece,Greece,GR,261.85,325.55,51.15,49.38,entsoe.eu; Electricity Maps Estimation,"Electricity Maps (2025). Greece 2024 Yearly Carbon Intensity Data (Version January 27, 2025). Electricity Maps. https://www.electricitymaps.com"
2024-01-01 00:00:00,USA,Virgin Islands,VI,556.53,678.96,3.21,3.21,Electricity Maps Estimation,"Electricity Maps (2025). USA 2024 Yearly Carbon Intensity Data (Version January 27, 2025). Electricity Maps. https://www.electricitymaps.com"
2024-01-01 00:00:00,Ecuador,Ecuador,EC,95.84,170.91,76.12,76.12,Electricity Maps Estimation,"Electricity Maps (2025). Ecuador 2024 Yearly Carbon Intensity Data (Version January 27, 2025). Electricity Maps. https://www.electricitymaps.com"
2024-01-01 00:00:00,Malta,Malta,MT,323.54,425.22,22.61,22.59,Electricity Maps Estimation,"Electricity Maps (2025). Malta 2024 Yearly Carbon Intensity Data (Version January 27, 2025). Electricity Maps. https://www.electricitymaps.com"
2024-01-01 00:00:00,Australia,Northern Territory,AU-NT,373.8,494.57,0.57,0.57,Electricity Maps Estimation; ntesmo.com.au,"Electricity Maps (2025). Australia 2024 Yearly Carbon Intensity Data (Version January 27, 2025). Electricity Maps. https://www.electricitymaps.com"
2023-01-01 00:00:00,Global,Global,GLOBAL,480.0,480.0,,,https://ember-energy.org/latest-insights/global-electricity-review-2024/global-electricity-trends/?utm_source=chatgpt.com#global-power-sector-emissions,
